-- phpMyAdmin SQL Dump
-- version 5.2.0
-- https://www.phpmyadmin.net/
--
-- Servidor: 127.0.0.1
-- Tiempo de generación: 26-07-2022 a las 03:10:53
-- Versión del servidor: 10.4.17-MariaDB
-- Versión de PHP: 8.0.1

SET SQL_MODE = "NO_AUTO_VALUE_ON_ZERO";
START TRANSACTION;
SET time_zone = "+00:00";


/*!40101 SET @OLD_CHARACTER_SET_CLIENT=@@CHARACTER_SET_CLIENT */;
/*!40101 SET @OLD_CHARACTER_SET_RESULTS=@@CHARACTER_SET_RESULTS */;
/*!40101 SET @OLD_COLLATION_CONNECTION=@@COLLATION_CONNECTION */;
/*!40101 SET NAMES utf8mb4 */;

--
-- Base de datos: `t1`
--

-- --------------------------------------------------------

--
-- Estructura de tabla para la tabla `nce_01_c_producto`
--

CREATE TABLE `nce_01_c_producto` (
  `ID_PRODUCTO` int(11) NOT NULL,
  `ID_ESTATUS` int(11) NOT NULL,
  `ID_SISTEMA` int(11) NOT NULL,
  `CVE_PRODUCTO` varchar(10) NOT NULL,
  `NOMBRE` varchar(100) NOT NULL,
  `PLAN_ID` int(11) NOT NULL,
  `PLAN_PERIOD_ID` int(11) NOT NULL,
  `TIEMPO_APROV` int(11) NOT NULL,
  `CATEGORIA` varchar(20) DEFAULT NULL
) ENGINE=InnoDB DEFAULT CHARSET=utf8mb4;

--
-- Volcado de datos para la tabla `nce_01_c_producto`
--

INSERT INTO `nce_01_c_producto` (`ID_PRODUCTO`, `ID_ESTATUS`, `ID_SISTEMA`, `CVE_PRODUCTO`, `NOMBRE`, `PLAN_ID`, `PLAN_PERIOD_ID`, `TIEMPO_APROV`, `CATEGORIA`) VALUES
(1, 1, 1, 'OF365', 'OFICCE 365', 3929, 3929, 30, NULL),
(2, 1, 1, 'OF365_AB', 'Microsoft 365 Apps for business (NCE COM MTH)', 3923, 4998, 20, 'ALL_NCE'),
(3, 1, 1, 'OF365_BP', 'Microsoft 365 Business Premium (NCE COM MTH)', 3931, 5010, 20, 'ALL_NCE'),
(4, 1, 1, 'OF365_BS', 'Microsoft 365 Business Standard (NCE COM MTH)', 3934, 5013, 20, 'ALL_NCE'),
(5, 1, 1, 'TEAMS_E', 'Microsoft Teams Essentials (AAD Identity) (NCE COM MTH)', 4011, 5128, 20, 'ALL_NCE'),
(6, 1, 2, 'OF365_AB', 'Microsoft 365 Apps for business (NCE COM MTH)', 4465, 5809, 20, 'ALL_NCE'),
(7, 1, 2, 'OF365_BB', 'Microsoft 365 Business Basic (NCE COM MTH)', 4471, 5819, 20, 'ALL_NCE'),
(8, 1, 2, 'OF365_BS', 'Microsoft 365 Business Standard (NCE COM MTH)', 4476, 5826, 20, 'ALL_NCE'),
(9, 1, 2, 'OF365_BP', 'Microsoft 365 Business Premium (NCE COM MTH)', 4473, 5821, 20, 'ALL_NCE'),
(10, 1, 2, 'TEAMS_E', 'Microsoft Teams Essentials (AAD Identity)', 4554, 5940, 20, 'ALL_NCE');

-- --------------------------------------------------------

--
-- Estructura de tabla para la tabla `nce_02_c_recursos`
--

CREATE TABLE `nce_02_c_recursos` (
  `ID_RECURSO` int(11) NOT NULL,
  `ID_ESTATUS` int(11) NOT NULL,
  `ID_PRODUCTO` int(11) NOT NULL,
  `NOMBRE` varchar(50) NOT NULL,
  `CVE_RECURSO` varchar(20) NOT NULL,
  `RESOURCE_ID` int(11) NOT NULL,
  `RESOURCE_RATE_ID` int(11) NOT NULL,
  `CANTIDAD` int(11) NOT NULL
) ENGINE=InnoDB DEFAULT CHARSET=utf8mb4;

-- --------------------------------------------------------

--
-- Estructura de tabla para la tabla `nce_03_c_sistema`
--

CREATE TABLE `nce_03_c_sistema` (
  `ID_SISTEMA` int(11) NOT NULL,
  `NOMBRE` varchar(20) NOT NULL,
  `DESCRIPCION` varchar(100) NOT NULL
) ENGINE=InnoDB DEFAULT CHARSET=utf8mb4;

--
-- Volcado de datos para la tabla `nce_03_c_sistema`
--

INSERT INTO `nce_03_c_sistema` (`ID_SISTEMA`, `NOMBRE`, `DESCRIPCION`) VALUES
(1, 'TMX', 'SISTEMA PARA CONTRATACIONES EN TELMEX'),
(2, 'TNO', 'SISTEMA PARA CONTRATACIONES EN TELNOR');

-- --------------------------------------------------------

--
-- Estructura de tabla para la tabla `nce_04_c_estatus`
--

CREATE TABLE `nce_04_c_estatus` (
  `ID_ESTATUS` int(11) NOT NULL,
  `NOMBRE` varchar(20) NOT NULL,
  `DESCRIPCION` varchar(100) NOT NULL
) ENGINE=InnoDB DEFAULT CHARSET=utf8mb4;

--
-- Volcado de datos para la tabla `nce_04_c_estatus`
--

INSERT INTO `nce_04_c_estatus` (`ID_ESTATUS`, `NOMBRE`, `DESCRIPCION`) VALUES
(1, 'ACTIVO', 'STATUS ACTIVO'),
(2, 'INACTIVO', 'STATUS INACTIVO');

-- --------------------------------------------------------

--
-- Estructura de tabla para la tabla `nce_05_c_canal`
--

CREATE TABLE `nce_05_c_canal` (
  `ID_CANAL` int(11) NOT NULL,
  `NOMBRE` varchar(100) NOT NULL,
  `DESCRIPCION` varchar(100) NOT NULL
) ENGINE=InnoDB DEFAULT CHARSET=utf8mb4;

--
-- Volcado de datos para la tabla `nce_05_c_canal`
--

INSERT INTO `nce_05_c_canal` (`ID_CANAL`, `NOMBRE`, `DESCRIPCION`) VALUES
(1, 'r2/3z5/C2BhBbdD0uceHPNwrDzOY4Xh7ddUxFTj9QK8=', 'TMXCO'),
(2, 'qnnKDvewgS9FCh3MxR2fujp1MT+O7FNMUZPJV8lNilg=', 'TELNO'),
(3, 'o/zoSIx7jBBU5iJSxTbVgHsRwOQ0Pzxf3m9fXpbkR4U=', 'EXPRS'),
(4, 'WAEcR9MEQhVbsrlaXZzQ465WKSzyCqSfFWgaxL4Ki5s=', 'SYSTE'),
(5, '2JY+clFQ23M9EXkt8vI1WXtqR1Dam3XYXle8VSzcxOY=', 'TMX'),
(6, '+XLCvhcBzLyUd81kBvGF3CZL71hHK959y9yWMKkBJf0=', 'RET360'),
(7, 'EBa4ml+SteDKjIQIgu/irmbS0pMtYpQAD39wxH2MtYE=', 'GIS'),
(8, 'Xapjxl5fccEaZD4RK9yQD9BT136d2OPLVtUlaaDQ3+0=', 'crm');

-- --------------------------------------------------------

--
-- Estructura de tabla para la tabla `nce_06_c_parametro`
--

CREATE TABLE `nce_06_c_parametro` (
  `ID_PARAMETRO` int(11) NOT NULL,
  `LLAVE` varchar(30) NOT NULL,
  `VALOR` varchar(100) NOT NULL,
  `DESCRIPCION` varchar(100) NOT NULL
) ENGINE=InnoDB DEFAULT CHARSET=utf8mb4;

--
-- Volcado de datos para la tabla `nce_06_c_parametro`
--

INSERT INTO `nce_06_c_parametro` (`ID_PARAMETRO`, `LLAVE`, `VALOR`, `DESCRIPCION`) VALUES
(1, 'URL_CORE_ODIN', 'https://cp.cloud.lab.telmex.com/aps/2/', 'url base de odin para servicios'),
(2, 'TIMEOUT_CONNECTION', '3000', 'timeout para servicios'),
(3, 'URL_CONNECTION_PBA', 'http://10.248.201.18:3306', 'url de pba'),
(4, 'CONSUMER_KEY', '8nyp2NvB5lzSznRSYlWkAYU82qubzFp8', 'consumer key para odin rest'),
(5, 'CONSUMER_SECRET', '9O1jN8OMwEMNBcrtjRe6nEfbTzipxwFebuP6UqaO25Hvzd7fOB7PyHNPFRjqzQYKfshKHP3e13PHEIL5MzClKINZxxhPRSZnlkeC', 'consumer key para odin rest'),
(6, 'ENCRIPTA_KEY_PASSWORD', '6789143547896174', 'key PARA ENCRIPTAR '),
(7, 'ENCRIPTA_SALT_PASSWORD', 'CANAL', 'SALT PARA MICROSOFT'),
(8, 'HEADER_POST', '21d8b6c6-d104-400c-a68a-ee3c72ad8c92', 'Header post'),
(9, 'PLM_INSTANCE_UUID', '74198bf6-47be-4b52-bcfd-f454a77c3671', 'plminstance uuid'),
(10, 'LIMITE_RECURSOS', '100', 'Maxima cantidad de recursos'),
(11, 'VENDOR_ID', '1_1|2_1000115|', 'ID VENDOR, IDSISTEMA_VALOR| separados por pipes'),
(12, 'VAL_AUTHORIZATION', 'b2RpbkNsb3VkOlNpc3RlbWFzLjAxQA==', 'Valor que tiene el id de authorizacion para consumo de servicios NCE Bitacora');

-- --------------------------------------------------------

--
-- Estructura de tabla para la tabla `nce_10_t_bitacora`
--

CREATE TABLE `nce_10_t_bitacora` (
  `ID_BITACORA` varchar(100) NOT NULL,
  `ID_PRODUCTO` int(11) NOT NULL,
  `ID_CANAL` int(11) NOT NULL,
  `TICKET_ID` varchar(100) DEFAULT NULL,
  `ORDER_UUID` varchar(100) DEFAULT NULL,
  `NOM_SERVICIO` varchar(100) NOT NULL,
  `TELEFONO` varchar(10) NOT NULL,
  `COD_RESPUESTA` varchar(100) DEFAULT NULL,
  `MSJ_RESPUESTA` varchar(100) DEFAULT NULL,
  `REQUEST` varchar(2000) NOT NULL,
  `RESPONSE` varchar(2000) DEFAULT NULL,
  `FECHA_INI` date NOT NULL,
  `FECHA_FIN` date DEFAULT NULL
) ENGINE=InnoDB DEFAULT CHARSET=utf8mb4;

--
-- Volcado de datos para la tabla `nce_10_t_bitacora`
--

INSERT INTO `nce_10_t_bitacora` (`ID_BITACORA`, `ID_PRODUCTO`, `ID_CANAL`, `TICKET_ID`, `ORDER_UUID`, `NOM_SERVICIO`, `TELEFONO`, `COD_RESPUESTA`, `MSJ_RESPUESTA`, `REQUEST`, `RESPONSE`, `FECHA_INI`, `FECHA_FIN`) VALUES
('0fdeaa91-1bc5-40a4-a06c-b473bdb60b9a', 5, 5, NULL, NULL, 'ValidaCuentaCloudBlue', '5591542421', NULL, NULL, '{\"idSistema\":1,\"telefono\":\"5591542421\",\"cveProducto\":\"TEAMS_E\"}', NULL, '2022-07-19', NULL),
('128e0ffa-f446-45b9-afed-23d5cae621cf', 2, 5, '877fb6c7-065e-4519-818d-bc8c0a2cbd3f', NULL, 'ValidaCuentaCloudBlue', '5591542420', '00', '√Čxito', '{\"idSistema\":1,\"telefono\":\"5591542420\",\"cveProducto\":\"OF365_AB\"}', '{\"ticketId\":\"877fb6c7-065e-4519-818d-bc8c0a2cbd3f\",\"status\":\"ACTIVE\",\"mensajeUsr\":\"√Čxito\",\"mensajeTecnico\":\"√Čxito\",\"codigoRespuesta\":\"00\"}', '2022-07-19', '2022-07-19'),
('1d6e6272-72ca-4a9c-912c-82f642b4d2e9', 5, 5, NULL, NULL, 'orderDetails', '5591542420', NULL, NULL, '{\"idSistema\":1,\"telefono\":\"5591542420\",\"cveProducto\":\"TEAMS_E\",\"ticketId\":\"f9daebcd-694f-47fc-94b7-f53613556378\"}', NULL, '2022-07-19', NULL),
('2c3c30ca-fa76-428e-a4b9-b58f1dbafeeb', 1, 5, NULL, NULL, 'ValidaCuentaCloudBlue', '5591542421', NULL, NULL, '{\"idSistema\":1,\"telefono\":\"5591542421\",\"cveProducto\":\"OF365_BB\"}', NULL, '2022-07-22', NULL),
('3316710d-96b0-46c3-808b-d42f707b6d45', 8, 5, 'bc1390ef-ed1a-4777-b251-769dbc652e46', NULL, 'ValidaCuentaCloudBlue', '6461201506', '00', '√Čxito', '{\"idSistema\":2,\"telefono\":\"6461201506\",\"cveProducto\":\"OF365_BS\"}', '{\"ticketId\":\"bc1390ef-ed1a-4777-b251-769dbc652e46\",\"status\":\"ACTIVE\",\"mensajeUsr\":\"√Čxito\",\"mensajeTecnico\":\"√Čxito\",\"codigoRespuesta\":\"00\"}', '2022-07-11', '2022-07-11'),
('37bb337d-7830-4d52-8c06-7122fe160344', 1, 5, 'e75f5570-ba0b-45d6-8c19-ebb4db0c3e8e', NULL, 'ContrataProdMicrosoftCloudBlue', '5591542420', '91', 'Error de servicio Parallels: Error en api:validateParameter', '{\"idSistema\":1,\"telefono\":\"5591542420\",\"cveProducto\":\"OF365_BB\",\"ticketId\":\"e75f5570-ba0b-45d6-8c19-ebb4db0c3e8e\",\"dominio\":\"testPBA002.onmicrosoft.com\",\"datosCliente\":{\"direccion\":\"MIRA FLORES 005 SAN PEDRO DE LOS PINOS\",\"ciudad\":\"CIUDAD DE MEXICO\",\"estado\":\"DF\",\"cp\":\"03800\",\"nombre\":\"Baldovinos\",\"apellidos\":\"Gardunio\",\"correo\":\"ariveraa@globalhitss.com\",\"empresa\":\"Hitss CIA\"},\"cantidadRecursos\":1}', '{\"telefono\":\"5591542420\",\"cveProducto\":\"OF365_BB\",\"ticketId\":\"e75f5570-ba0b-45d6-8c19-ebb4db0c3e8e\",\"mensajeUsr\":\"Ha ocurrido un error en :validateParameter\",\"mensajeTecnico\":\"ERROR EN SERVICIO ODIN statusCode:null,err\\u003dRead timed out\",\"codigoRespuesta\":\"91\"}', '2022-07-19', '2022-07-19'),
('3a0ef412-1c3b-4ee1-b092-17e0eb01baf2', 5, 5, '9664c3a1-afd8-40e2-abb3-31dd5facbd5d', NULL, 'ValidaCuentaCloudBlue', '5591542420', '00', '√Čxito', '{\"idSistema\":1,\"telefono\":\"5591542420\",\"cveProducto\":\"TEAMS_E\"}', '{\"ticketId\":\"9664c3a1-afd8-40e2-abb3-31dd5facbd5d\",\"status\":\"ACTIVE\",\"mensajeUsr\":\"√Čxito\",\"mensajeTecnico\":\"√Čxito\",\"codigoRespuesta\":\"00\"}', '2022-07-19', '2022-07-19'),
('3a424f3b-dfcf-4a23-b239-e8f0498aa42c', 1, 5, '81a45391-dd2e-48a2-b7c1-eef668aa3f88', NULL, 'ContrataProdMicrosoftCloudBlue', '5591542420', '91', 'Error de servicio Parallels: Error en api:salesOrder', '{\"idSistema\":1,\"telefono\":\"5591542420\",\"cveProducto\":\"OF365_BB\",\"ticketId\":\"81a45391-dd2e-48a2-b7c1-eef668aa3f88\",\"dominio\":\"initDomian01.onmicrosoft.com\",\"datosCliente\":{\"direccion\":\"calle numero\",\"ciudad\":\"ciudad 1\",\"estado\":\"DF\",\"cp\":\"11320\",\"nombre\":\"Arturo\",\"apellidos\":\"Aguilar R\",\"correo\":\"aguilara@globalhitss.com\",\"empresa\":\"Empresa CCP\"},\"cantidadRecursos\":1}', '{\"telefono\":\"5591542420\",\"cveProducto\":\"OF365_BB\",\"ticketId\":\"81a45391-dd2e-48a2-b7c1-eef668aa3f88\",\"mensajeUsr\":\"Ha ocurrido un error en :salesOrder\",\"mensajeTecnico\":\"ERROR EN SERVICIO ODIN statusCode:null,err\\u003dtimeout\",\"codigoRespuesta\":\"91\"}', '2022-07-11', '2022-07-11'),
('4885105e-d98e-4be3-8f95-ed720edea3aa', 5, 5, NULL, NULL, 'orderDetails', '5591542420', NULL, NULL, '{\"idSistema\":1,\"telefono\":\"5591542420\",\"cveProducto\":\"TEAMS_E\",\"ticketId\":\"f9daebcd-694f-47fc-94b7-f53613556378\"}', NULL, '2022-07-19', NULL),
('4c64ddd4-0a50-4039-b6a1-76b7f1c8188a', 7, 5, 'a3f19027-eb89-4213-a368-47417ed57f18', NULL, 'ValidaCuentaCloudBlue', '6461201506', '00', '√Čxito', '{\"idSistema\":2,\"telefono\":\"6461201506\",\"cveProducto\":\"OF365_BB\"}', '{\"ticketId\":\"a3f19027-eb89-4213-a368-47417ed57f18\",\"status\":\"ACTIVE\",\"mensajeUsr\":\"√Čxito\",\"mensajeTecnico\":\"√Čxito\",\"codigoRespuesta\":\"00\"}', '2022-07-11', '2022-07-11'),
('4d5a197b-88c9-4d14-98bd-cf0e1e7b8ea7', 1, 5, 'e75f5570-ba0b-45d6-8c19-ebb4db0c3e8e', NULL, 'ValidaCuentaCloudBlue', '5591542420', '00', '√Čxito', '{\"idSistema\":1,\"telefono\":\"5591542420\",\"cveProducto\":\"OF365_BB\"}', '{\"ticketId\":\"e75f5570-ba0b-45d6-8c19-ebb4db0c3e8e\",\"status\":\"ACTIVE\",\"mensajeUsr\":\"√Čxito\",\"mensajeTecnico\":\"√Čxito\",\"codigoRespuesta\":\"00\"}', '2022-07-19', '2022-07-19'),
('68de10da-22c3-4fcb-b931-896beb0d51ae', 1, 5, 'f9daebcd-694f-47fc-94b7-f53613556378', 'db6456d5-ebbd-4a1b-98d2-364c887aa358', 'ContrataProdMicrosoftCloudBlue', '5591542420', '00', '√Čxito', '{\"idSistema\":1,\"telefono\":\"5591542420\",\"cveProducto\":\"OF365_BB\",\"ticketId\":\"f9daebcd-694f-47fc-94b7-f53613556378\",\"dominio\":\"testPBA001.onmicrosoft.com\",\"datosCliente\":{\"direccion\":\"MIRA FLORES 005 SAN PEDRO DE LOS PINOS\",\"ciudad\":\"CIUDAD DE MEXICO\",\"estado\":\"DF\",\"cp\":\"03800\",\"nombre\":\"Baldovinos\",\"apellidos\":\"Gardunio\",\"correo\":\"ariveraa@globalhitss.com\",\"empresa\":\"Hitss CIA\"},\"cantidadRecursos\":101}', '{\"orderUUID\":\"db6456d5-ebbd-4a1b-98d2-364c887aa358\",\"mensajeUsr\":\"√Čxito\",\"mensajeTecnico\":\"√Čxito\",\"codigoRespuesta\":\"00\"}', '2022-07-19', '2022-07-19'),
('6d3e9bd6-74e0-41a0-9ddb-3f0189e35672', 6, 5, 'c4bb70ca-b105-4cad-bb3f-df41e11af830', NULL, 'ValidaCuentaCloudBlue', '6461201506', '00', '√Čxito', '{\"idSistema\":2,\"telefono\":\"6461201506\",\"cveProducto\":\"OF365_AB\"}', '{\"ticketId\":\"c4bb70ca-b105-4cad-bb3f-df41e11af830\",\"status\":\"ACTIVE\",\"mensajeUsr\":\"√Čxito\",\"mensajeTecnico\":\"√Čxito\",\"codigoRespuesta\":\"00\"}', '2022-07-11', '2022-07-11'),
('756570bb-54e8-4cfc-a32c-7e55a6fccc68', 1, 5, 'f9daebcd-694f-47fc-94b7-f53613556378', NULL, 'ValidaCuentaCloudBlue', '5591542420', '00', '√Čxito', '{\"idSistema\":1,\"telefono\":\"5591542420\",\"cveProducto\":\"OF365_BB\"}', '{\"ticketId\":\"f9daebcd-694f-47fc-94b7-f53613556378\",\"status\":\"ACTIVE\",\"mensajeUsr\":\"√Čxito\",\"mensajeTecnico\":\"√Čxito\",\"codigoRespuesta\":\"00\"}', '2022-07-19', '2022-07-19'),
('7ae89659-8d42-4a5a-ac73-b03b6f30b74c', 5, 5, NULL, NULL, 'orderDetails', '5591542420', NULL, NULL, '{\"idSistema\":1,\"telefono\":\"5591542420\",\"cveProducto\":\"TEAMS_E\",\"ticketId\":\"f9daebcd-694f-47fc-94b7-f53613556378\"}', NULL, '2022-07-19', NULL),
('7b117042-b6a7-481a-beb2-f5d5538579f2', 5, 5, NULL, NULL, 'orderDetails', '5591542420', NULL, NULL, '{\"idSistema\":1,\"telefono\":\"5591542420\",\"cveProducto\":\"TEAMS_E\",\"ticketId\":\"f9daebcd-694f-47fc-94b7-f53613556378\"}', NULL, '2022-07-19', NULL),
('7e83593b-d05e-461c-b732-aa1643818dcf', 1, 5, '81a45391-dd2e-48a2-b7c1-eef668aa3f88', NULL, 'ContrataProdMicrosoftCloudBlue', '5591542420', '91', 'Error de servicio Parallels: Error en api:salesOrder', '{\"idSistema\":1,\"telefono\":\"5591542420\",\"cveProducto\":\"OF365_BB\",\"ticketId\":\"81a45391-dd2e-48a2-b7c1-eef668aa3f88\",\"dominio\":\"initDomian01.onmicrosoft.com\",\"datosCliente\":{\"direccion\":\"calle numero\",\"ciudad\":\"ciudad 1\",\"estado\":\"DF\",\"cp\":\"11320\",\"nombre\":\"Arturo\",\"apellidos\":\"Aguilar R\",\"correo\":\"aguilara@globalhitss.com\",\"empresa\":\"Empresa CCP\"},\"cantidadRecursos\":1}', '{\"telefono\":\"5591542420\",\"cveProducto\":\"OF365_BB\",\"ticketId\":\"81a45391-dd2e-48a2-b7c1-eef668aa3f88\",\"mensajeUsr\":\"Ha ocurrido un error en :salesOrder\",\"mensajeTecnico\":\"ERROR EN SERVICIO ODIN statusCode:null,err\\u003dRead timed out\",\"codigoRespuesta\":\"91\"}', '2022-07-11', '2022-07-11'),
('8cef7e60-21ff-487b-ac3c-848b8e4c8af3', 3, 5, 'b33407b1-ee24-4830-85b5-e2c089f71271', NULL, 'ValidaCuentaCloudBlue', '5591542420', '00', '√Čxito', '{\"idSistema\":1,\"telefono\":\"5591542420\",\"cveProducto\":\"OF365_BP\"}', '{\"ticketId\":\"b33407b1-ee24-4830-85b5-e2c089f71271\",\"status\":\"ACTIVE\",\"mensajeUsr\":\"√Čxito\",\"mensajeTecnico\":\"√Čxito\",\"codigoRespuesta\":\"00\"}', '2022-07-19', '2022-07-19'),
('8f34449b-f028-4a1a-9a8e-824d7bac310e', 2, 5, 'c0df0a7f-2cb4-4ea3-bb84-c24063ecd27e', NULL, 'ValidaCuentaCloudBlue', '5591542420', '00', '√Čxito', '{\"idSistema\":1,\"telefono\":\"5591542420\",\"cveProducto\":\"OF365_AB\"}', '{\"ticketId\":\"c0df0a7f-2cb4-4ea3-bb84-c24063ecd27e\",\"status\":\"ACTIVE\",\"mensajeUsr\":\"√Čxito\",\"mensajeTecnico\":\"√Čxito\",\"codigoRespuesta\":\"00\"}', '2022-07-11', '2022-07-11'),
('94b57493-981b-4d9e-8343-0b2970e9327d', 1, 5, NULL, NULL, 'ValidaCuentaCloudBlue', '6461201506', NULL, NULL, '{\"idSistema\":1,\"telefono\":\"6461201506\",\"cveProducto\":\"OF365_BB\"}', NULL, '2022-07-11', NULL),
('9a2afc8f-fac8-4116-a43d-e3e738596347', 1, 5, NULL, NULL, 'ContrataProdMicrosoftCloudBlue', '5591542420', NULL, NULL, '{\"idSistema\":1,\"telefono\":\"5591542420\",\"cveProducto\":\"OF365_BB\",\"ticketId\":\"e75f5570-ba0b-45d6-8c19-ebb4db0c3e8e\",\"dominio\":\"testPBA002.onmicrosoft.com\",\"datosCliente\":{\"direccion\":\"MIRA FLORES 005 SAN PEDRO DE LOS PINOS\",\"ciudad\":\"CIUDAD DE MEXICO\",\"estado\":\"DF\",\"cp\":\"03800\",\"nombre\":\"Baldovinos\",\"apellidos\":\"Gardunio\",\"correo\":\"ariveraa@globalhitss.com\",\"empresa\":\"Hitss CIA\"},\"cantidadRecursos\":1}', NULL, '2022-07-20', NULL),
('9f06fc7f-6843-4ae5-9016-51f2775b424a', 10, 5, 'eeae8d2d-c86d-4195-aca5-e0d33003e8ae', NULL, 'ValidaCuentaCloudBlue', '6461201506', '00', '√Čxito', '{\"idSistema\":2,\"telefono\":\"6461201506\",\"cveProducto\":\"TEAMS_E\"}', '{\"ticketId\":\"eeae8d2d-c86d-4195-aca5-e0d33003e8ae\",\"status\":\"ACTIVE\",\"mensajeUsr\":\"√Čxito\",\"mensajeTecnico\":\"√Čxito\",\"codigoRespuesta\":\"00\"}', '2022-07-11', '2022-07-11'),
('a4a4ad17-6383-4a06-8d32-b23828ecff52', 1, 5, 'f9daebcd-694f-47fc-94b7-f53613556378', 'b64d1092-b283-4be3-a274-05e3adc50b80', 'ContrataProdMicrosoftCloudBlue', '5591542420', '00', '√Čxito', '{\"idSistema\":1,\"telefono\":\"5591542420\",\"cveProducto\":\"OF365_BB\",\"ticketId\":\"f9daebcd-694f-47fc-94b7-f53613556378\",\"dominio\":\"testPBA001.onmicrosoft\",\"datosCliente\":{\"direccion\":\"MIRA FLORES 005 SAN PEDRO DE LOS PINOS\",\"ciudad\":\"CIUDAD DE MEXICO\",\"estado\":\"DF\",\"cp\":\"03800\",\"nombre\":\"Baldovinos\",\"apellidos\":\"Gardunio\",\"correo\":\"ariveraa@globalhitss.com\",\"empresa\":\"Hitss CIA\"},\"cantidadRecursos\":1}', '{\"orderUUID\":\"b64d1092-b283-4be3-a274-05e3adc50b80\",\"mensajeUsr\":\"√Čxito\",\"mensajeTecnico\":\"√Čxito\",\"codigoRespuesta\":\"00\"}', '2022-07-19', '2022-07-19'),
('a5f5d2d6-bd4d-477c-927d-f16e9ea50502', 3, 5, '34fecb1e-917e-49f3-b411-cdab8ac8834c', NULL, 'ValidaCuentaCloudBlue', '5591542420', '00', '√Čxito', '{\"idSistema\":1,\"telefono\":\"5591542420\",\"cveProducto\":\"OF365_BP\"}', '{\"ticketId\":\"34fecb1e-917e-49f3-b411-cdab8ac8834c\",\"status\":\"ACTIVE\",\"mensajeUsr\":\"√Čxito\",\"mensajeTecnico\":\"√Čxito\",\"codigoRespuesta\":\"00\"}', '2022-07-11', '2022-07-11'),
('a6b8aa50-8e58-4f5c-921f-aba76cbb06dc', 4, 5, '5979dbdc-fce9-4472-af9a-2b320606dd8c', NULL, 'ValidaCuentaCloudBlue', '5591542420', '00', '√Čxito', '{\"idSistema\":1,\"telefono\":\"5591542420\",\"cveProducto\":\"OF365_BS\"}', '{\"ticketId\":\"5979dbdc-fce9-4472-af9a-2b320606dd8c\",\"status\":\"ACTIVE\",\"mensajeUsr\":\"√Čxito\",\"mensajeTecnico\":\"√Čxito\",\"codigoRespuesta\":\"00\"}', '2022-07-11', '2022-07-11'),
('a95b5166-dcb4-4d53-a85d-9ee7955f5ae1', 1, 5, 'f9daebcd-694f-47fc-94b7-f53613556378', '800e0fa3-617e-4073-8e6c-0eaa25167914', 'ContrataProdMicrosoftCloudBlue', '5591542420', '00', '√Čxito', '{\"idSistema\":1,\"telefono\":\"5591542420\",\"cveProducto\":\"OF365_BB\",\"ticketId\":\"f9daebcd-694f-47fc-94b7-f53613556378\",\"dominio\":\"testPBA001.onmicrosoft\",\"datosCliente\":{\"direccion\":\"MIRA FLORES 005 SAN PEDRO DE LOS PINOS\",\"ciudad\":\"CIUDAD DE MEXICO\",\"estado\":\"DF\",\"cp\":\"03800\",\"nombre\":\"Baldovinos\",\"apellidos\":\"Gardunio\",\"correo\":\"ariveraa@globalhitss.com\",\"empresa\":\"Hitss CIA\"},\"cantidadRecursos\":1}', '{\"orderUUID\":\"800e0fa3-617e-4073-8e6c-0eaa25167914\",\"mensajeUsr\":\"√Čxito\",\"mensajeTecnico\":\"√Čxito\",\"codigoRespuesta\":\"00\"}', '2022-07-19', '2022-07-19'),
('aa5ba22e-0b28-4cbc-ad1c-4c73232c9f66', 1, 5, NULL, NULL, 'ContrataProdMicrosoftCloudBlue', '5591542420', '02', 'Error de datos, El ticket ya fue usado por otro telefono', '{\"idSistema\":1,\"telefono\":\"5591542420\",\"cveProducto\":\"OF365_BB\",\"ticketId\":\"f9daebcd-694f-47fc-94b7-f53613556378\",\"dominio\":\"testPBA001.onmicrosoft.com\",\"datosCliente\":{\"direccion\":\"MIRA FLORES 005 SAN PEDRO DE LOS PINOS\",\"ciudad\":\"CIUDAD DE MEXICO\",\"estado\":\"DF\",\"cp\":\"03800\",\"nombre\":\"Baldovinos\",\"apellidos\":\"Gardunio\",\"correo\":\"ariveraa@globalhitss.com\",\"empresa\":\"Hitss CIA\"},\"cantidadRecursos\":0}', '{\"telefono\":\"5591542420\",\"cveProducto\":\"OF365_BB\",\"ticketId\":\"f9daebcd-694f-47fc-94b7-f53613556378\",\"mensajeUsr\":\"Error de datos, El ticket ya fue usado por otro telefono\",\"mensajeTecnico\":\"Error de datos, El ticket ya fue usado por otro telefono\",\"codigoRespuesta\":\"02\"}', '2022-07-19', '2022-07-19'),
('B0001', 1, 1, 'T0001', 'O0001', 'VALIDACUENTA_CLOUDBLUE', '5544332211', '00', NULL, '{\r\n   \"idSistema\":1,\r\n   \"canal\":\"2JY+clFQ23M9EXkt8vI1WXtqR1Dam3XYXle8VSzcxOY=\",\r\n   \"telefono\":\"5558743188\",\r\n   \"cveProducto\":\"OF365\"\r\n}\r\n', '{\r\n    \"mensajeUsr\": \"Éxito\",\r\n    \"mensajeTecnico\": \"Éxito\",\r\n    \"codigoRespuesta\": \"00\",\r\n    \"telefono\": \"5554848021\",\r\n	\"ticketId\":\"T0001\",\r\n	\"status\":\"ACTIVE\"\r\n}\r\n', '2022-06-23', '2022-06-23'),
('B0002', 1, 1, 'T0001', 'O0002', 'CONSULTASUSCRIPCION_CLOUDBLUE', '5557365661', '01', NULL, '{\r\n  \"idSistema\":1,\r\n  \"telefono\":\"5889130002\",\r\n  \"canal\":\"r2/3z5/C2BhBbdD0uceHPNwrDzOY4Xh7ddUxFTj9QK8=\",\r\n\"cveProducto\":\"OF365\",\r\n  \"ticketId\":\"T0001”\r\n}\r\n', '{\r\n	\"mensajeUsr\": \"Éxito\",\r\n	\"mensajeTecnico\": \"Éxito\",\r\n	\"codigoRespuesta\": \"00\",\r\n	\"telefono\": \"5521217977\",\r\n	\"listaSuscripciones\": [\r\n				{					\"idSuscripcion\": 1042698,\r\n					\"nombreSuscripcion\": \"Avanzado\",\r\n					\"status\": \"30\",\r\n        }\r\n			]\r\n}\r\n', '2022-06-23', '2022-06-23'),
('B0003', 1, 1, 'T0001', 'O0001', 'CONTRATAPRODMICROSOFT_CLOUDBLUE', '5544332211', '00', NULL, '{\r\n   \"idSistema\":1,\r\n   \"canal\":\"2JY+clFQ23M9EXkt8vI1WXtqR1Dam3XYXle8VSzcxOY=\",\r\n   \"telefono\":\"5558743188\",\r\n   \"cveProducto\":\"OF365\",\r\n   \" ticketId \":\"T0001\", \r\n   \"dominio\":\"pruebadominio\", \r\n   \"datosCte\": {\r\n		\"direccion\":\"calle numero\",\r\n		\"ciudad\":\"ciudad 1\",\r\n		\"estado\":\" estado 1\",\r\n		\"cp\":\"01234\",\r\n		\"nombre\":\"Arturo\",\r\n		\"apellidos\":\"Aguilar R\",\r\n		\"correo\":\"aguilara@globalhitss.com\",	\r\n		\"empresa\":\"Empresa CCP\",\r\n   }, \r\n   \"cantidadRecursos\":1, \r\n}\r\n', '{\r\n	\"mensajeUsr\": \"Éxito\",\r\n    \"mensajeTecnico\": \"Éxito\",\r\n    \"codigoRespuesta\": \"00\",\r\n    \"telefono\": \"5554848021\",\r\n	\"orderUUID\":\"O0001\"\r\n}\r\n', '2022-06-23', '2022-06-23'),
('B0004', 1, 1, 'T0001', 'O0001', 'CONSULTAORDENMICROSOFT_CLOUDBLUE', '5544332211', '00', NULL, '{\r\n   \"idSistema\":1,\r\n   \"canal\":\"2JY+clFQ23M9EXkt8vI1WXtqR1Dam3XYXle8VSzcxOY=\",\r\n   \"telefono\":\"5558743188\",\r\n   \"cveProducto\":\"OF365\",\r\n   \" ticketId\":\"T0001\"\r\n}\r\n', '{\r\n	\"mensajeUsr\": \"Éxito\",\r\n    \"mensajeTecnico\": \"Éxito\",\r\n    \"codigoRespuesta\": \"00\",\r\n    \"telefono\": \"5554848021\",	\r\n	\"status\":\"COMPLETED\",\r\n	\"idSuscripcion\":\" 1050339\"\r\n}\r\n', '2022-06-23', '2022-06-23'),
('B0005', 1, 1, 'T0001', 'O0001', 'DETALLESUSCRIPCION_CLOUDBLUE', '5544332211', '00', NULL, '{\r\n   \"idSistema\":1,\r\n   \"canal\":\"2JY+clFQ23M9EXkt8vI1WXtqR1Dam3XYXle8VSzcxOY=\",\r\n   \"telefono\":\"5558743188\",\r\n   \"cveProducto\":\"OF365\",\r\n   \"ticketId\":\"T0001\"\r\n}\r\n', '{\r\n	\"mensajeUsr\": \"Éxito\",\r\n    \"mensajeTecnico\": \"Éxito\",\r\n    \"codigoRespuesta\": \"00\",\r\n    \"telefono\": \"5554848021\",	\r\n	\"status\":\"COMPLETED\",\r\n	\"listaParametros\":[\r\n		{\r\n			\"key\":\"csp_order_id\",\r\n			\"value\":\"3af1ab863577\"\r\n		},\r\n		{\r\n			\"key\":\"subscription_id\",\r\n			\"value\":\"8bc53d38-25ae-401a-c64f-b78668afd66a\"\r\n		},\r\n		{\r\n			\"key\":\"ms_customer_id\",\r\n			\"value\":\"6a167e5e-2cd4-42a8-9485-67510d49fc14\"\r\n		},\r\n		{\r\n			\"key\":\"initial_password\",\r\n			\"value\":\"HokgyeRq0*\"\r\n		}\r\n	]\r\n}\r\n', '2022-06-23', '2022-06-23'),
('b428a499-e667-4455-ac2d-0589cbbbaff3', 1, 5, '81a45391-dd2e-48a2-b7c1-eef668aa3f88', NULL, 'ValidaCuentaCloudBlue', '5591542420', '00', '√Čxito', '{\"idSistema\":1,\"telefono\":\"5591542420\",\"cveProducto\":\"OF365_BB\"}', '{\"ticketId\":\"81a45391-dd2e-48a2-b7c1-eef668aa3f88\",\"status\":\"ACTIVE\",\"mensajeUsr\":\"√Čxito\",\"mensajeTecnico\":\"√Čxito\",\"codigoRespuesta\":\"00\"}', '2022-07-11', '2022-07-11'),
('b62a0933-d7c6-44ea-8af6-5ba95a90513f', 9, 5, '4cbc0003-358c-4f04-9ee0-98a0d1583e39', NULL, 'ValidaCuentaCloudBlue', '6461201506', '00', '√Čxito', '{\"idSistema\":2,\"telefono\":\"6461201506\",\"cveProducto\":\"OF365_BP\"}', '{\"ticketId\":\"4cbc0003-358c-4f04-9ee0-98a0d1583e39\",\"status\":\"ACTIVE\",\"mensajeUsr\":\"√Čxito\",\"mensajeTecnico\":\"√Čxito\",\"codigoRespuesta\":\"00\"}', '2022-07-11', '2022-07-11'),
('c37c9523-b9e3-4cbf-985e-db124c08e14e', 1, 5, 'f9daebcd-694f-47fc-94b7-f53613556378', NULL, 'ContrataProdMicrosoftCloudBlue', '5591542420', '91', 'Error de servicio Parallels: Error en api:salesOrder', '{\"idSistema\":1,\"telefono\":\"5591542420\",\"cveProducto\":\"OF365_BB\",\"ticketId\":\"f9daebcd-694f-47fc-94b7-f53613556378\",\"dominio\":\"testPBA001.onmicrosoft.com\",\"datosCliente\":{\"direccion\":\"MIRA FLORES 005 SAN PEDRO DE LOS PINOS\",\"ciudad\":\"CIUDAD DE MEXICO\",\"estado\":\"DF\",\"cp\":\"03800\",\"nombre\":\"Baldovinos\",\"apellidos\":\"Gardunio\",\"correo\":\"ariveraa@globalhitss.com\",\"empresa\":\"Hitss CIA\"},\"cantidadRecursos\":0}', '{\"telefono\":\"5591542420\",\"cveProducto\":\"OF365_BB\",\"ticketId\":\"f9daebcd-694f-47fc-94b7-f53613556378\",\"mensajeUsr\":\"Ha ocurrido un error en :salesOrder\",\"mensajeTecnico\":\"ERROR EN PARSEO DE SERVICIO ODIN,Unrecognized field \\u0026quote;details\\u0026quote; (class com.hitss.apisodin.dto.SalesOrderResponse), not marked as ignorable (10 known properties: \\u0026quote;packageId\\u0026quote;, \\u0026quote;paymentCreationResult\\u0026quote;, \\u0026quote;message\\u0026quote;, \\u0026quote;error\\u0026quote;, \\u0026quote;orderId\\u0026quote;, \\u0026quote;msjRespuesta\\u0026quote;, \\u0026quote;msjEnvio\\u0026quote;, \\u0026quote;mensajeRespuesta\\u0026quote;, \\u0026quote;pkgId\\u0026quote;, \\u0026quote;http_request\\u0026quote;])\\n at [Source: {\\u0026quote;error\\u0026quote;:\\u0026quote;com.ingrammicro.billing.aps.exception.APSError\\u0026quote;,\\u0026quote;packageId\\u0026quote;:\\u0026quote;ff38221f-1d9d-4ec9-af10-34eafc8b3737\\u0026quote;,\\u0026quote;details\\u0026quote;:{\\u0026quote;fullMessage\\u0026quote;:\\u0026quote;com.ingrammicro.imcp.library.aps.exception.APSInvocationException: Incorrect Response from APS Controller, Status Code is \\u0027500\\u0027 caused by: com.parallels.pa.rest.BillingAPIFault: Resource #1009350 \\u0027Microsoft 365 Business Basic\\u0027: Total amount cannot be less than the Minimum value.\\u0026quote;,\\u0026quote;cause\\u0026quote;:{\\u0026quote;error\\u0026quote;:\\u0026quote;com.parallels.bss.rest.errors.BSSAPSError\\u0026quote;,\\u0026quote;packageId\\u0026quote;:\\u0026quote;5c1e42c2-3f6b-4024-aeff-effe9f14ccc2\\u0026quote;,\\u0026quote;message\\u0026quote;:\\u0026quote;com.parallels.pa.rest.BillingAPIFault: Resource #1009350 \\u0027Microsoft 365 Business Basic\\u0027: Total amount cannot be less than the Minimum value.\\u0026quote;,\\u0026quote;http_request\\u0026quote;:\\u0026quote;POST https://127.0.0.1:8081/pa/billing/f33be906-15c7-4c3e-9106-f7bbbf09eb4d/om/xmlrpc/place-sales-order-api\\u0026quote;}},\\u0026quote;message\\u0026quote;:\\u0026quote;Resource #1009350 \\u0027Microsoft 365 B', '2022-07-19', '2022-07-19'),
('c38ec28e-3d0a-4170-934d-3fc59b480fde', 1, 5, '81a45391-dd2e-48a2-b7c1-eef668aa3f88', NULL, 'orderDetails', '5591542421', '99', 'Por el momento el servicio no est√° disponible, favor de intentarlo m√°s tarde.', '{\"idSistema\":1,\"telefono\":\"5591542421\",\"cveProducto\":\"OF365_BB\",\"ticketId\":\"81a45391-dd2e-48a2-b7c1-eef668aa3f88\"}', '{\"mensajeUsr\":\"Por el momento el servicio no est√° disponible, favor de intentarlo m√°s tarde.\",\"mensajeTecnico\":\"Excepcion error desconocido\",\"codigoRespuesta\":\"99\"}', '2022-07-19', '2022-07-19'),
('d82c192a-ac01-4d5c-922a-08fd72437611', 5, 5, '67048b29-c966-4e29-b0ec-7b4b9da48075', NULL, 'ValidaCuentaCloudBlue', '5591542420', '00', '√Čxito', '{\"idSistema\":1,\"telefono\":\"5591542420\",\"cveProducto\":\"TEAMS_E\"}', '{\"ticketId\":\"67048b29-c966-4e29-b0ec-7b4b9da48075\",\"status\":\"ACTIVE\",\"mensajeUsr\":\"√Čxito\",\"mensajeTecnico\":\"√Čxito\",\"codigoRespuesta\":\"00\"}', '2022-07-11', '2022-07-11'),
('e26f2543-5093-4c48-8514-27930da8eb16', 1, 5, 'f9daebcd-694f-47fc-94b7-f53613556378', 'b7dcf11a-1740-49a1-9bcc-4d06fa187288', 'ContrataProdMicrosoftCloudBlue', '5591542420', '00', '√Čxito', '{\"idSistema\":1,\"telefono\":\"5591542420\",\"cveProducto\":\"OF365_BB\",\"ticketId\":\"f9daebcd-694f-47fc-94b7-f53613556378\",\"dominio\":\"testPBA001.onmicrosoft\",\"datosCliente\":{\"direccion\":\"MIRA FLORES 005 SAN PEDRO DE LOS PINOS\",\"ciudad\":\"CIUDAD DE MEXICO\",\"estado\":\"DF\",\"cp\":\"03800\",\"nombre\":\"Baldovinos\",\"apellidos\":\"Gardunio\",\"correo\":\"ariveraa@globalhitss.com\",\"empresa\":\"Hitss CIA\"},\"cantidadRecursos\":1}', '{\"orderUUID\":\"b7dcf11a-1740-49a1-9bcc-4d06fa187288\",\"mensajeUsr\":\"√Čxito\",\"mensajeTecnico\":\"√Čxito\",\"codigoRespuesta\":\"00\"}', '2022-07-19', '2022-07-19'),
('e8818396-5918-409b-9135-75e06af640e3', 4, 5, 'dab45a1d-110c-4fcd-93a1-0af8bb43a751', NULL, 'ValidaCuentaCloudBlue', '5591542420', '00', '√Čxito', '{\"idSistema\":1,\"telefono\":\"5591542420\",\"cveProducto\":\"OF365_BS\"}', '{\"ticketId\":\"dab45a1d-110c-4fcd-93a1-0af8bb43a751\",\"status\":\"ACTIVE\",\"mensajeUsr\":\"√Čxito\",\"mensajeTecnico\":\"√Čxito\",\"codigoRespuesta\":\"00\"}', '2022-07-19', '2022-07-19'),
('f763e101-a025-4a1d-8163-a1101fa010e8', 5, 5, NULL, NULL, 'orderDetails', '5591542420', NULL, NULL, '{\"idSistema\":1,\"telefono\":\"5591542420\",\"cveProducto\":\"TEAMS_E\",\"ticketId\":\"f9daebcd-694f-47fc-94b7-f53613556378\"}', NULL, '2022-07-19', NULL),
('f95bce8c-8bad-4db9-9395-a33228f840b4', 5, 5, 'dcfe7d0d-8971-4d87-ad87-f917b050f3cc', NULL, 'ValidaCuentaCloudBlue', '5591542420', '00', '√Čxito', '{\"idSistema\":1,\"telefono\":\"5591542420\",\"cveProducto\":\"TEAMS_E\"}', '{\"ticketId\":\"dcfe7d0d-8971-4d87-ad87-f917b050f3cc\",\"status\":\"ACTIVE\",\"mensajeUsr\":\"√Čxito\",\"mensajeTecnico\":\"√Čxito\",\"codigoRespuesta\":\"00\"}', '2022-07-19', '2022-07-19');

-- --------------------------------------------------------

--
-- Estructura de tabla para la tabla `nce_11_t_det_bitacora`
--

CREATE TABLE `nce_11_t_det_bitacora` (
  `ID_DET_BITACORA` varchar(100) NOT NULL,
  `ID_BITACORA` varchar(100) NOT NULL,
  `PROVEEDOR` varchar(100) NOT NULL,
  `NOM_SERVICIO` varchar(100) NOT NULL,
  `REQUEST` varchar(2000) NOT NULL,
  `RESPONSE` varchar(2000) DEFAULT NULL,
  `FECHA_INI` datetime DEFAULT NULL,
  `FECHA_FIN` datetime DEFAULT NULL,
  `MENSAJE_TEC` varchar(2000) DEFAULT NULL
) ENGINE=InnoDB DEFAULT CHARSET=utf8mb4;

--
-- Volcado de datos para la tabla `nce_11_t_det_bitacora`
--

INSERT INTO `nce_11_t_det_bitacora` (`ID_DET_BITACORA`, `ID_BITACORA`, `PROVEEDOR`, `NOM_SERVICIO`, `REQUEST`, `RESPONSE`, `FECHA_INI`, `FECHA_FIN`, `MENSAJE_TEC`) VALUES
('00d96215-0c7d-4550-916d-476cf0255b67', '68de10da-22c3-4fcb-b931-896beb0d51ae', 'salesOrder', 'ContrataProdMicrosoftCloudBlue', '{\"type\":\"SALES\",\"accountId\":\"8967140e-5da3-45be-9865-802b94f93d8f\",\"paymentMethodId\":\"13343\",\"products\":[{\"parameters\":[{\"aps\":{\"type\":\"http://aps-standard.org/inhouse-products/tenant/1.0\",\"revision\":0},\"activationParameters\":[{\"key\":\"tenant_preference\",\"value\":\"new\"},{\"key\":\"microsoft_domain\",\"value\":\"testPBA001.onmicrosoft.com\"},{\"key\":\"partner_on_record_attestation_accepted\",\"structured_value\":{\"attestation_accepted\":true}},{\"key\":\"mca_acceptance\",\"value\":\"yes\"},{\"key\":\"agreement_date\",\"value\":\"07-19-2022\"},{\"key\":\"first_name_agreement\",\"value\":\"Baldovinos\"},{\"key\":\"last_name_agreement\",\"value\":\"Gardunio\"},{\"key\":\"email_address_agreement\",\"value\":\"ariveraa@globalhitss.com\"},{\"key\":\"effective_address\",\"value\":\"MIRA FLORES 005 SAN PEDRO DE LOS PINOS\"},{\"key\":\"effective_city\",\"value\":\"CIUDAD DE MEXICO\"},{\"key\":\"effective_state\",\"value\":\"DF\"},{\"key\":\"effective_postal_code\",\"value\":\"03800\"},{\"key\":\"effective_country\",\"value\":\"mx\"},{\"key\":\"customer_company_name\",\"value\":\"Hitss CIA\"},{\"key\":\"customer_email\",\"value\":\"ariveraa@globalhitss.com\"},{\"key\":\"special_qualifications\",\"value\":\"None\"},{\"key\":\"effective_phonenumber\",\"value\":\"5591542420\"},{\"key\":\"offer_attestation\",\"structured_value\":{\"attestation_accepted\":false}}]}],\"planId\":\"f025bbca-1724-42fb-beb3-507e3c8c352f\",\"period\":{\"unit\":\"MONTHS\",\"duration\":1},\"resources\":[{\"resourceId\":\"d53231de-372a-4017-9444-c30d943b3137\",\"amount\":101}]}],\"acceptedTerms\":[\"1\"]}', '{\"orderId\":\"db6456d5-ebbd-4a1b-98d2-364c887aa358\",\"paymentCreationResult\":{\"paymentId\":634540}}', '2022-07-19 00:00:00', '2022-07-19 00:00:00', 'EXITO'),
('02a4bcd8-3848-49bd-9e54-62bd53f0f4d5', 'f95bce8c-8bad-4db9-9395-a33228f840b4', 'SearchCustomerAccount', 'ValidaCuentaCloudBlue', 'https://cp.cloud.lab.telmex.com/aps/2/collections/bss-accounts?eq(accountId,1014453)&select(paAccount)', '[{\"status\":\"ACTIVE\",\"localeId\":\"en\",\"accountId\":1014453,\"taxStatus\":\"COMPANY\",\"taxZoneId\":\"Default\",\"creditTerm\":{\"duePeriod\":45,\"holdPeriod\":30},\"taxRegIdStatus\":\"NOT_VERIFIED\",\"fullyRegistered\":true,\"accountCurrencyCode\":\"MXN\",\"externalARManagement\":false,\"aps\":{\"modified\":\"2021-04-30T13:33:58Z\",\"id\":\"b6a985ce-b431-4a63-bfbf-d943fbeaf093\",\"type\":\"http://parallels.com/pa/bss-account-info/1.0\",\"status\":\"aps:ready\",\"revision\":2},\"paAccount\":{\"id\":1014453,\"type\":\"CLIENT\",\"locked\":false,\"personal\":false,\"companyName\":\"Hitss CIA\",\"techContact\":{\"email\":\"ariveraa@globalhitss.com\",\"locale\":\"en_US\",\"telFax\":\"\",\"telVoice\":\"52#55#91542420#\",\"givenName\":\"Baldovinos\",\"familyName\":\"Gardunio\",\"middleName\":\"Rodolfo\",\"organizationName\":\"\"},\"adminContact\":{\"email\":\"ariveraa@globalhitss.com\",\"locale\":\"en_US\",\"telFax\":\"\",\"telVoice\":\"52#55#91542420#\",\"givenName\":\"Baldovinos\",\"familyName\":\"Gardunio\",\"middleName\":\"Rodolfo\",\"organizationName\":\"\"},\"addressPostal\":{\"region\":\"CIUDAD DE MEXICO\",\"locality\":\"MEXICO\",\"postalCode\":\"03800\",\"countryName\":\"mx\",\"streetAddress\":\"MIRA FLORES, 0000005\",\"extendedAddress\":\"SAN PEDRO DE LOS PINOS\"},\"billingContact\":{\"email\":\"ariveraa@globalhitss.com\",\"locale\":\"en_US\",\"telFax\":\"\",\"telVoice\":\"52#55#91542420#\",\"givenName\":\"Baldovinos\",\"familyName\":\"Gardunio\",\"middleName\":\"Rodolfo\",\"organizationName\":\"\"},\"aps\":{\"modified\":\"2021-04-30T13:32:58Z\",\"id\":\"8967140e-5da3-45be-9865-802b94f93d8f\",\"type\":\"http://parallels.com/aps/types/pa/account/1.2\",\"status\":\"aps:ready\",\"revision\":2}}}]', '2022-07-19 00:00:00', '2022-07-19 00:00:00', 'EXITO'),
('02d6eaef-11a6-4a01-b0d4-8e05eeef6f98', '3a424f3b-dfcf-4a23-b239-e8f0498aa42c', 'plmProductIdent', 'ContrataProdMicrosoftCloudBlue', 'https://cp.cloud.lab.telmex.com/aps/2/resources?implementing(http://com.odin.platform/inhouse-products/pdiProduct/1.0),eq(resourceTypeId,1009350)', '[{\"mpn\":\"CFQ7TTC0LH18:0001\",\"name\":{\"en_US\":\"Microsoft 365 Business Basic\",\"es_ES\":\"Microsoft 365 Negocio Basico\"},\"appId\":\"PRD-814-505-018\",\"status\":\"DRAFT\",\"vendor\":{\"id\":\"VA-888-104\",\"name\":\"Microsoft\"},\"priceType\":\"SETUP_FEE\",\"apsAppUUID\":\"367d2b2b-d068-4580-ab9f-bcdfdb18497f\",\"description\":{\"en_US\":\"Includes web-based Office, professional email, cloud storage, and online meetings & chat.\",\"es_ES\":\"Office en l√≠nea, correo profesional, reuniones en l√≠nea, colaboraci√≥n y almacenamiento en la nube.\"},\"itemPeriods\":[{\"mpn\":\"CFQ7TTC0LH18:0001_P1Y:Monthly\",\"itemId\":\"PRD-814-505-018-0149\",\"isTrial\":false,\"billingPeriod\":1,\"billingPeriodType\":\"month\",\"subscriptionPeriod\":1,\"subscriptionPeriodType\":\"year\"},{\"mpn\":\"CFQ7TTC0LH18:0001_P1Y:Annual\",\"itemId\":\"PRD-814-505-018-0038\",\"isTrial\":false,\"billingPeriod\":1,\"billingPeriodType\":\"year\",\"subscriptionPeriod\":1,\"subscriptionPeriodType\":\"year\"},{\"mpn\":\"CFQ7TTC0LH18:0001_P1M:Monthly\",\"itemId\":\"PRD-814-505-018-0039\",\"isTrial\":false,\"billingPeriod\":1,\"billingPeriodType\":\"month\",\"subscriptionPeriod\":1,\"subscriptionPeriodType\":\"month\"}],\"maxQuantity\":1.0,\"measureUnit\":\"License\",\"minQuantity\":0.0,\"creationDate\":\"2022-05-21T10:51:35.091832Z\",\"resourceTypeId\":1009350,\"consumptionType\":\"Unspecified\",\"appCustomIconUrl\":\"https://api.connect.cloud.im/media/VA-888-104/PRD-814-505-018/media/PRD-814-505-018-logo_sM6K2mA.png\",\"resourceCategoryId\":1024,\"isQuantifiableProduct\":false,\"productCreateNotificationId\":\"-1\",\"aps\":{\"modified\":\"2022-07-06T16:34:35Z\",\"id\":\"e5396baf-5d32-406e-aada-a22c2e6950db\",\"subscription\":\"544908c4-a194-470f-ae4c-bf1b9b3713c6\",\"type\":\"http://com.odin.platform/inhouse-products/pdiProduct/1.0\",\"status\":\"aps:ready\",\"revision\":8}}]', '2022-07-11 00:00:00', '2022-07-11 00:00:00', 'EXITO'),
('04eb5c78-7ebd-4b1a-9f2f-356c76bd3d1f', '128e0ffa-f446-45b9-afed-23d5cae621cf', 'SearchCustomerAccount', 'ValidaCuentaCloudBlue', 'https://cp.cloud.lab.telmex.com/aps/2/collections/bss-accounts?eq(accountId,1014453)&select(paAccount)', '[{\"status\":\"ACTIVE\",\"localeId\":\"en\",\"accountId\":1014453,\"taxStatus\":\"COMPANY\",\"taxZoneId\":\"Default\",\"creditTerm\":{\"duePeriod\":45,\"holdPeriod\":30},\"taxRegIdStatus\":\"NOT_VERIFIED\",\"fullyRegistered\":true,\"accountCurrencyCode\":\"MXN\",\"externalARManagement\":false,\"aps\":{\"modified\":\"2021-04-30T13:33:58Z\",\"id\":\"b6a985ce-b431-4a63-bfbf-d943fbeaf093\",\"type\":\"http://parallels.com/pa/bss-account-info/1.0\",\"status\":\"aps:ready\",\"revision\":2},\"paAccount\":{\"id\":1014453,\"type\":\"CLIENT\",\"locked\":false,\"personal\":false,\"companyName\":\"Hitss CIA\",\"techContact\":{\"email\":\"ariveraa@globalhitss.com\",\"locale\":\"en_US\",\"telFax\":\"\",\"telVoice\":\"52#55#91542420#\",\"givenName\":\"Baldovinos\",\"familyName\":\"Gardunio\",\"middleName\":\"Rodolfo\",\"organizationName\":\"\"},\"adminContact\":{\"email\":\"ariveraa@globalhitss.com\",\"locale\":\"en_US\",\"telFax\":\"\",\"telVoice\":\"52#55#91542420#\",\"givenName\":\"Baldovinos\",\"familyName\":\"Gardunio\",\"middleName\":\"Rodolfo\",\"organizationName\":\"\"},\"addressPostal\":{\"region\":\"CIUDAD DE MEXICO\",\"locality\":\"MEXICO\",\"postalCode\":\"03800\",\"countryName\":\"mx\",\"streetAddress\":\"MIRA FLORES, 0000005\",\"extendedAddress\":\"SAN PEDRO DE LOS PINOS\"},\"billingContact\":{\"email\":\"ariveraa@globalhitss.com\",\"locale\":\"en_US\",\"telFax\":\"\",\"telVoice\":\"52#55#91542420#\",\"givenName\":\"Baldovinos\",\"familyName\":\"Gardunio\",\"middleName\":\"Rodolfo\",\"organizationName\":\"\"},\"aps\":{\"modified\":\"2021-04-30T13:32:58Z\",\"id\":\"8967140e-5da3-45be-9865-802b94f93d8f\",\"type\":\"http://parallels.com/aps/types/pa/account/1.2\",\"status\":\"aps:ready\",\"revision\":2}}}]', '2022-07-19 00:00:00', '2022-07-19 00:00:00', 'EXITO'),
('060888c3-1687-4231-b159-4650605b8d5c', 'a95b5166-dcb4-4d53-a85d-9ee7955f5ae1', 'salesOrder', 'ContrataProdMicrosoftCloudBlue', '{\"type\":\"SALES\",\"accountId\":\"8967140e-5da3-45be-9865-802b94f93d8f\",\"paymentMethodId\":\"13343\",\"products\":[{\"parameters\":[{\"aps\":{\"type\":\"http://aps-standard.org/inhouse-products/tenant/1.0\",\"revision\":0},\"activationParameters\":[{\"key\":\"tenant_preference\",\"value\":\"new\"},{\"key\":\"microsoft_domain\",\"value\":\"testPBA001.onmicrosoft\"},{\"key\":\"partner_on_record_attestation_accepted\",\"structured_value\":{\"attestation_accepted\":true}},{\"key\":\"mca_acceptance\",\"value\":\"yes\"},{\"key\":\"agreement_date\",\"value\":\"07-19-2022\"},{\"key\":\"first_name_agreement\",\"value\":\"Baldovinos\"},{\"key\":\"last_name_agreement\",\"value\":\"Gardunio\"},{\"key\":\"email_address_agreement\",\"value\":\"ariveraa@globalhitss.com\"},{\"key\":\"effective_address\",\"value\":\"MIRA FLORES 005 SAN PEDRO DE LOS PINOS\"},{\"key\":\"effective_city\",\"value\":\"CIUDAD DE MEXICO\"},{\"key\":\"effective_state\",\"value\":\"DF\"},{\"key\":\"effective_postal_code\",\"value\":\"03800\"},{\"key\":\"effective_country\",\"value\":\"mx\"},{\"key\":\"customer_company_name\",\"value\":\"Hitss CIA\"},{\"key\":\"customer_email\",\"value\":\"ariveraa@globalhitss.com\"},{\"key\":\"special_qualifications\",\"value\":\"None\"},{\"key\":\"effective_phonenumber\",\"value\":\"5591542420\"},{\"key\":\"offer_attestation\",\"structured_value\":{\"attestation_accepted\":false}}]}],\"planId\":\"f025bbca-1724-42fb-beb3-507e3c8c352f\",\"period\":{\"unit\":\"MONTHS\",\"duration\":1},\"resources\":[{\"resourceId\":\"d53231de-372a-4017-9444-c30d943b3137\",\"amount\":1}]}],\"acceptedTerms\":[\"1\"]}', '{\"orderId\":\"800e0fa3-617e-4073-8e6c-0eaa25167914\",\"paymentCreationResult\":{\"paymentId\":634537}}', '2022-07-19 00:00:00', '2022-07-19 00:00:00', 'EXITO'),
('0a9cbd2d-8980-4e7c-8448-568cc4f93692', '68de10da-22c3-4fcb-b931-896beb0d51ae', 'plmProductIdent', 'ContrataProdMicrosoftCloudBlue', 'https://cp.cloud.lab.telmex.com/aps/2/resources?implementing(http://com.odin.platform/inhouse-products/pdiProduct/1.0),eq(resourceTypeId,1009350)', '[{\"mpn\":\"CFQ7TTC0LH18:0001\",\"name\":{\"en_US\":\"Microsoft 365 Business Basic\",\"es_ES\":\"Microsoft 365 Negocio Basico\"},\"appId\":\"PRD-814-505-018\",\"status\":\"DRAFT\",\"vendor\":{\"id\":\"VA-888-104\",\"name\":\"Microsoft\"},\"priceType\":\"SETUP_FEE\",\"apsAppUUID\":\"367d2b2b-d068-4580-ab9f-bcdfdb18497f\",\"description\":{\"en_US\":\"Includes web-based Office, professional email, cloud storage, and online meetings & chat.\",\"es_ES\":\"Office en l√≠nea, correo profesional, reuniones en l√≠nea, colaboraci√≥n y almacenamiento en la nube.\"},\"itemPeriods\":[{\"mpn\":\"CFQ7TTC0LH18:0001_P1Y:Monthly\",\"itemId\":\"PRD-814-505-018-0149\",\"isTrial\":false,\"billingPeriod\":1,\"billingPeriodType\":\"month\",\"subscriptionPeriod\":1,\"subscriptionPeriodType\":\"year\"},{\"mpn\":\"CFQ7TTC0LH18:0001_P1Y:Annual\",\"itemId\":\"PRD-814-505-018-0038\",\"isTrial\":false,\"billingPeriod\":1,\"billingPeriodType\":\"year\",\"subscriptionPeriod\":1,\"subscriptionPeriodType\":\"year\"},{\"mpn\":\"CFQ7TTC0LH18:0001_P1M:Monthly\",\"itemId\":\"PRD-814-505-018-0039\",\"isTrial\":false,\"billingPeriod\":1,\"billingPeriodType\":\"month\",\"subscriptionPeriod\":1,\"subscriptionPeriodType\":\"month\"}],\"maxQuantity\":1.0,\"measureUnit\":\"License\",\"minQuantity\":0.0,\"creationDate\":\"2022-05-21T10:51:35.091832Z\",\"resourceTypeId\":1009350,\"consumptionType\":\"Unspecified\",\"appCustomIconUrl\":\"https://api.connect.cloud.im/media/VA-888-104/PRD-814-505-018/media/PRD-814-505-018-logo_sM6K2mA.png\",\"resourceCategoryId\":1024,\"isQuantifiableProduct\":false,\"productCreateNotificationId\":\"-1\",\"aps\":{\"modified\":\"2022-07-06T16:34:35Z\",\"id\":\"e5396baf-5d32-406e-aada-a22c2e6950db\",\"subscription\":\"544908c4-a194-470f-ae4c-bf1b9b3713c6\",\"type\":\"http://com.odin.platform/inhouse-products/pdiProduct/1.0\",\"status\":\"aps:ready\",\"revision\":8}}]', '2022-07-19 00:00:00', '2022-07-19 00:00:00', 'EXITO'),
('0ee6d13b-bcc6-494b-a6ba-3efe06ea96a4', 'e8818396-5918-409b-9135-75e06af640e3', 'SearchCustomerAccount', 'ValidaCuentaCloudBlue', 'https://cp.cloud.lab.telmex.com/aps/2/collections/bss-accounts?eq(accountId,1014453)&select(paAccount)', '[{\"status\":\"ACTIVE\",\"localeId\":\"en\",\"accountId\":1014453,\"taxStatus\":\"COMPANY\",\"taxZoneId\":\"Default\",\"creditTerm\":{\"duePeriod\":45,\"holdPeriod\":30},\"taxRegIdStatus\":\"NOT_VERIFIED\",\"fullyRegistered\":true,\"accountCurrencyCode\":\"MXN\",\"externalARManagement\":false,\"aps\":{\"modified\":\"2021-04-30T13:33:58Z\",\"id\":\"b6a985ce-b431-4a63-bfbf-d943fbeaf093\",\"type\":\"http://parallels.com/pa/bss-account-info/1.0\",\"status\":\"aps:ready\",\"revision\":2},\"paAccount\":{\"id\":1014453,\"type\":\"CLIENT\",\"locked\":false,\"personal\":false,\"companyName\":\"Hitss CIA\",\"techContact\":{\"email\":\"ariveraa@globalhitss.com\",\"locale\":\"en_US\",\"telFax\":\"\",\"telVoice\":\"52#55#91542420#\",\"givenName\":\"Baldovinos\",\"familyName\":\"Gardunio\",\"middleName\":\"Rodolfo\",\"organizationName\":\"\"},\"adminContact\":{\"email\":\"ariveraa@globalhitss.com\",\"locale\":\"en_US\",\"telFax\":\"\",\"telVoice\":\"52#55#91542420#\",\"givenName\":\"Baldovinos\",\"familyName\":\"Gardunio\",\"middleName\":\"Rodolfo\",\"organizationName\":\"\"},\"addressPostal\":{\"region\":\"CIUDAD DE MEXICO\",\"locality\":\"MEXICO\",\"postalCode\":\"03800\",\"countryName\":\"mx\",\"streetAddress\":\"MIRA FLORES, 0000005\",\"extendedAddress\":\"SAN PEDRO DE LOS PINOS\"},\"billingContact\":{\"email\":\"ariveraa@globalhitss.com\",\"locale\":\"en_US\",\"telFax\":\"\",\"telVoice\":\"52#55#91542420#\",\"givenName\":\"Baldovinos\",\"familyName\":\"Gardunio\",\"middleName\":\"Rodolfo\",\"organizationName\":\"\"},\"aps\":{\"modified\":\"2021-04-30T13:32:58Z\",\"id\":\"8967140e-5da3-45be-9865-802b94f93d8f\",\"type\":\"http://parallels.com/aps/types/pa/account/1.2\",\"status\":\"aps:ready\",\"revision\":2}}}]', '2022-07-19 00:00:00', '2022-07-19 00:00:00', 'EXITO'),
('1346e5a7-978a-4328-a349-0d293a92caed', '128e0ffa-f446-45b9-afed-23d5cae621cf', 'IdentifyPaymentMethod', 'ValidaCuentaCloudBlue', 'https://cp.cloud.lab.telmex.com/aps/2/services/payment-method-manager/paymentMethods?accountId=8967140e-5da3-45be-9865-802b94f93d8f', '[{\"id\":13343,\"paymentSystemId\":\"Receipt Account Telmex Bill\",\"paymentSystem\":\"CUENTA MAESTRA\",\"ownerAccountId\":\"8967140e-5da3-45be-9865-802b94f93d8f\",\"number\":\"5591542420\",\"name\":\"CUENTA MAESTRA 5591542420\",\"type\":\"CUSTOM\",\"perCustomer\":true,\"status\":\"ACTIVE\",\"ratified\":\"NOT_REQUIRED\",\"defaultMethod\":true,\"tokenizable\":false,\"consentStatus\":\"CONSENT_NOT_REQUIRED\",\"consentDate\":null,\"deletionDate\":null,\"whoAgreedId\":null,\"agreementURL\":null,\"parameters\":[{\"id\":\"Telephone\",\"name\":{\"en\":\"Phone\",\"es\":\"Telefono\"},\"type\":\"STR\",\"value\":\"5591542420\"}]}]', '2022-07-19 00:00:00', '2022-07-19 00:00:00', 'EXITO'),
('154ad08d-c957-46e9-a6a7-e75f540e8d13', '7e83593b-d05e-461c-b732-aa1643818dcf', 'validateParameter', 'ContrataProdMicrosoftCloudBlue', 'com.hitss.apisodin.dto.ValidateActivationParametersRequest@2760138a', NULL, '2022-07-11 00:00:00', NULL, NULL),
('17db0a5e-60c6-4feb-a2bc-172333b2d3dc', '756570bb-54e8-4cfc-a32c-7e55a6fccc68', 'IdentifyPaymentMethod', 'ValidaCuentaCloudBlue', 'https://cp.cloud.lab.telmex.com/aps/2/services/payment-method-manager/paymentMethods?accountId=8967140e-5da3-45be-9865-802b94f93d8f', '[{\"id\":13343,\"paymentSystemId\":\"Receipt Account Telmex Bill\",\"paymentSystem\":\"CUENTA MAESTRA\",\"ownerAccountId\":\"8967140e-5da3-45be-9865-802b94f93d8f\",\"number\":\"5591542420\",\"name\":\"CUENTA MAESTRA 5591542420\",\"type\":\"CUSTOM\",\"perCustomer\":true,\"status\":\"ACTIVE\",\"ratified\":\"NOT_REQUIRED\",\"defaultMethod\":true,\"tokenizable\":false,\"consentStatus\":\"CONSENT_NOT_REQUIRED\",\"consentDate\":null,\"deletionDate\":null,\"whoAgreedId\":null,\"agreementURL\":null,\"parameters\":[{\"id\":\"Telephone\",\"name\":{\"en\":\"Phone\",\"es\":\"Telefono\"},\"type\":\"STR\",\"value\":\"5591542420\"}]}]', '2022-07-19 00:00:00', '2022-07-19 00:00:00', 'EXITO'),
('1da5d5d5-60dd-4b74-b976-2889d8e3e3d3', '9a2afc8f-fac8-4116-a43d-e3e738596347', 'plmProductIdent', 'ContrataProdMicrosoftCloudBlue', 'https://cp.cloud.lab.telmex.com/aps/2/resources?implementing(http://com.odin.platform/inhouse-products/pdiProduct/1.0),eq(resourceTypeId,1009350)', '[{\"mpn\":\"CFQ7TTC0LH18:0001\",\"name\":{\"en_US\":\"Microsoft 365 Business Basic\",\"es_ES\":\"Microsoft 365 Negocio Basico\"},\"appId\":\"PRD-814-505-018\",\"status\":\"DRAFT\",\"vendor\":{\"id\":\"VA-888-104\",\"name\":\"Microsoft\"},\"priceType\":\"SETUP_FEE\",\"apsAppUUID\":\"367d2b2b-d068-4580-ab9f-bcdfdb18497f\",\"description\":{\"en_US\":\"Includes web-based Office, professional email, cloud storage, and online meetings & chat.\",\"es_ES\":\"Office en l√≠nea, correo profesional, reuniones en l√≠nea, colaboraci√≥n y almacenamiento en la nube.\"},\"itemPeriods\":[{\"mpn\":\"CFQ7TTC0LH18:0001_P1Y:Monthly\",\"itemId\":\"PRD-814-505-018-0149\",\"isTrial\":false,\"billingPeriod\":1,\"billingPeriodType\":\"month\",\"subscriptionPeriod\":1,\"subscriptionPeriodType\":\"year\"},{\"mpn\":\"CFQ7TTC0LH18:0001_P1Y:Annual\",\"itemId\":\"PRD-814-505-018-0038\",\"isTrial\":false,\"billingPeriod\":1,\"billingPeriodType\":\"year\",\"subscriptionPeriod\":1,\"subscriptionPeriodType\":\"year\"},{\"mpn\":\"CFQ7TTC0LH18:0001_P1M:Monthly\",\"itemId\":\"PRD-814-505-018-0039\",\"isTrial\":false,\"billingPeriod\":1,\"billingPeriodType\":\"month\",\"subscriptionPeriod\":1,\"subscriptionPeriodType\":\"month\"}],\"maxQuantity\":1.0,\"measureUnit\":\"License\",\"minQuantity\":0.0,\"creationDate\":\"2022-05-21T10:51:35.091832Z\",\"resourceTypeId\":1009350,\"consumptionType\":\"Unspecified\",\"appCustomIconUrl\":\"https://api.connect.cloud.im/media/VA-888-104/PRD-814-505-018/media/PRD-814-505-018-logo_sM6K2mA.png\",\"resourceCategoryId\":1024,\"isQuantifiableProduct\":false,\"productCreateNotificationId\":\"-1\",\"aps\":{\"modified\":\"2022-07-06T16:34:35Z\",\"id\":\"e5396baf-5d32-406e-aada-a22c2e6950db\",\"subscription\":\"544908c4-a194-470f-ae4c-bf1b9b3713c6\",\"type\":\"http://com.odin.platform/inhouse-products/pdiProduct/1.0\",\"status\":\"aps:ready\",\"revision\":8}}]', '2022-07-20 00:00:00', '2022-07-20 00:00:00', 'EXITO'),
('1dac17e5-b006-4c4e-a13d-6bcc108a8bb5', '4c64ddd4-0a50-4039-b6a1-76b7f1c8188a', 'PaymentMethodGet', 'ValidaCuentaCloudBlue', '<?xml version=\"1.0\" encoding=\"UTF-8\"?><methodCall><methodName>Execute</methodName><params><param><value><struct><member><name>Server</name><value>FSTELMEX</value></member><member><name>Method</name><value>PaymentMethodGet_API</value></member><member><name>Params</name><value><array><data><value>6461201506</value><value>1000115</value></data></array></value></member></struct></value></param></params></methodCall>', '<?xml version=\"1.0\" encoding=\"UTF-8\"?><methodResponse><params><param><value><struct><member><name>Result</name><value><array><data><value><array><data><value><i4>8140</i4></value><value><i4>130</i4></value><value><i4>1000115</i4></value><value><i4>1008550</i4></value><value><i4>1</i4></value><value><i4>1</i4></value></data></array></value></data></array></value></member></struct></value></param></params></methodResponse>', '2022-07-11 00:00:00', '2022-07-11 00:00:00', 'EXITO'),
('1ffb2e9e-d9c2-41cc-a149-bc2a149a5183', '7b117042-b6a7-481a-beb2-f5d5538579f2', 'SearchCustomerAccount', 'ConsultaCuentaCloud', 'CustomerSearchRequest [accountId=1014453]', NULL, '2022-07-19 00:00:00', NULL, NULL),
('24e4bc5c-ca19-4923-bc7d-53b24eae3645', '3316710d-96b0-46c3-808b-d42f707b6d45', 'IdentifyPaymentMethod', 'ValidaCuentaCloudBlue', 'https://cp.cloud.lab.telmex.com/aps/2/services/payment-method-manager/paymentMethods?accountId=8af502d6-9971-4a80-8be0-8847fc9e0235', '[{\"id\":8140,\"paymentSystemId\":\"Master Account Telnor Bill\",\"paymentSystem\":\"Master Account Telnor Bill\",\"ownerAccountId\":\"8af502d6-9971-4a80-8be0-8847fc9e0235\",\"number\":\"6461201506\",\"name\":\"Master Account Telnor Bill 6461201506\",\"type\":\"CUSTOM\",\"perCustomer\":true,\"status\":\"ACTIVE\",\"ratified\":\"NOT_REQUIRED\",\"defaultMethod\":true,\"tokenizable\":false,\"consentStatus\":\"CONSENT_NOT_REQUIRED\",\"consentDate\":null,\"deletionDate\":null,\"whoAgreedId\":null,\"agreementURL\":null,\"parameters\":[{\"id\":\"Telephone\",\"name\":{\"en\":\"Phone\",\"es\":\"Telefono\"},\"type\":\"STR\",\"value\":\"6461201506\"}]}]', '2022-07-11 00:00:00', '2022-07-11 00:00:00', 'EXITO'),
('256cacb7-d045-4d30-a172-da71df8d46c4', 'f763e101-a025-4a1d-8163-a1101fa010e8', 'SearchCustomerAccount', 'ConsultaCuentaCloud', 'CustomerSearchRequest [accountId=1014453]', NULL, '2022-07-19 00:00:00', NULL, NULL),
('26b38d64-fd78-48c7-a0e6-e29809c18e59', '0fdeaa91-1bc5-40a4-a06c-b473bdb60b9a', 'PaymentMethodGet', 'ValidaCuentaCloudBlue', '<?xml version=\"1.0\" encoding=\"UTF-8\"?><methodCall><methodName>Execute</methodName><params><param><value><struct><member><name>Server</name><value>FSTELMEX</value></member><member><name>Method</name><value>PaymentMethodGet_API</value></member><member><name>Params</name><value><array><data><value>5591542421</value><value>1</value></data></array></value></member></struct></value></param></params></methodCall>', '<?xml version=\"1.0\" encoding=\"UTF-8\"?><methodResponse><fault><value><struct><member><name>faultCode</name><value><i4>-1</i4></value></member><member><name>faultString</name><value><string>UGF5bWVudCBtZXRob2QgZm9yIHBob25lIG51bWJlciAnNTU5MTU0MjQyMScgaXMgbm90IGZvdW5kLiAKRXJyb3IgQ29kZTogMHgzODJlOTVmZi4KUmVwb3J0IElEOiA1NTE2MDcyCg==</string></value></member></struct></value></fault></methodResponse>', '2022-07-19 00:00:00', '2022-07-19 00:00:00', 'Payment method for phone number \'5591542421\' is not found. \r\nError Code: 0x382e95ff.\r\nReport ID: 5516072\r\n'),
('28c57d95-ad08-4c8e-ae00-a62e63961901', 'a6b8aa50-8e58-4f5c-921f-aba76cbb06dc', 'SearchCustomerAccount', 'ValidaCuentaCloudBlue', 'https://cp.cloud.lab.telmex.com/aps/2/collections/bss-accounts?eq(accountId,1014453)&select(paAccount)', '[{\"status\":\"ACTIVE\",\"localeId\":\"en\",\"accountId\":1014453,\"taxStatus\":\"COMPANY\",\"taxZoneId\":\"Default\",\"creditTerm\":{\"duePeriod\":45,\"holdPeriod\":30},\"taxRegIdStatus\":\"NOT_VERIFIED\",\"fullyRegistered\":true,\"accountCurrencyCode\":\"MXN\",\"externalARManagement\":false,\"aps\":{\"modified\":\"2021-04-30T13:33:58Z\",\"id\":\"b6a985ce-b431-4a63-bfbf-d943fbeaf093\",\"type\":\"http://parallels.com/pa/bss-account-info/1.0\",\"status\":\"aps:ready\",\"revision\":2},\"paAccount\":{\"id\":1014453,\"type\":\"CLIENT\",\"locked\":false,\"personal\":false,\"companyName\":\"Hitss CIA\",\"techContact\":{\"email\":\"ariveraa@globalhitss.com\",\"locale\":\"en_US\",\"telFax\":\"\",\"telVoice\":\"52#55#91542420#\",\"givenName\":\"Baldovinos\",\"familyName\":\"Gardunio\",\"middleName\":\"Rodolfo\",\"organizationName\":\"\"},\"adminContact\":{\"email\":\"ariveraa@globalhitss.com\",\"locale\":\"en_US\",\"telFax\":\"\",\"telVoice\":\"52#55#91542420#\",\"givenName\":\"Baldovinos\",\"familyName\":\"Gardunio\",\"middleName\":\"Rodolfo\",\"organizationName\":\"\"},\"addressPostal\":{\"region\":\"CIUDAD DE MEXICO\",\"locality\":\"MEXICO\",\"postalCode\":\"03800\",\"countryName\":\"mx\",\"streetAddress\":\"MIRA FLORES, 0000005\",\"extendedAddress\":\"SAN PEDRO DE LOS PINOS\"},\"billingContact\":{\"email\":\"ariveraa@globalhitss.com\",\"locale\":\"en_US\",\"telFax\":\"\",\"telVoice\":\"52#55#91542420#\",\"givenName\":\"Baldovinos\",\"familyName\":\"Gardunio\",\"middleName\":\"Rodolfo\",\"organizationName\":\"\"},\"aps\":{\"modified\":\"2021-04-30T13:32:58Z\",\"id\":\"8967140e-5da3-45be-9865-802b94f93d8f\",\"type\":\"http://parallels.com/aps/types/pa/account/1.2\",\"status\":\"aps:ready\",\"revision\":2}}}]', '2022-07-11 00:00:00', '2022-07-11 00:00:00', 'EXITO'),
('29dd9c38-1576-4f75-beff-ebe19ec588f2', '68de10da-22c3-4fcb-b931-896beb0d51ae', 'validateParameter', 'ContrataProdMicrosoftCloudBlue', 'com.hitss.apisodin.dto.ValidateActivationParametersRequest@99fcbdd', NULL, '2022-07-19 00:00:00', NULL, NULL),
('2a2cd9d0-dca0-44f0-8840-9a5d3d34dc1c', 'a6b8aa50-8e58-4f5c-921f-aba76cbb06dc', 'IdentifyPaymentMethod', 'ValidaCuentaCloudBlue', 'https://cp.cloud.lab.telmex.com/aps/2/services/payment-method-manager/paymentMethods?accountId=8967140e-5da3-45be-9865-802b94f93d8f', '[{\"id\":13343,\"paymentSystemId\":\"Receipt Account Telmex Bill\",\"paymentSystem\":\"CUENTA MAESTRA\",\"ownerAccountId\":\"8967140e-5da3-45be-9865-802b94f93d8f\",\"number\":\"5591542420\",\"name\":\"CUENTA MAESTRA 5591542420\",\"type\":\"CUSTOM\",\"perCustomer\":true,\"status\":\"ACTIVE\",\"ratified\":\"NOT_REQUIRED\",\"defaultMethod\":true,\"tokenizable\":false,\"consentStatus\":\"CONSENT_NOT_REQUIRED\",\"consentDate\":null,\"deletionDate\":null,\"whoAgreedId\":null,\"agreementURL\":null,\"parameters\":[{\"id\":\"Telephone\",\"name\":{\"en\":\"Phone\",\"es\":\"Telefono\"},\"type\":\"STR\",\"value\":\"5591542420\"}]}]', '2022-07-11 00:00:00', '2022-07-11 00:00:00', 'EXITO'),
('2e13eb5c-6c94-458e-afe7-ab961af7d4d2', '6d3e9bd6-74e0-41a0-9ddb-3f0189e35672', 'SearchCustomerAccount', 'ValidaCuentaCloudBlue', 'https://cp.cloud.lab.telmex.com/aps/2/collections/bss-accounts?eq(accountId,1008550)&select(paAccount)', '[{\"status\":\"ACTIVE\",\"localeId\":\"en\",\"accountId\":1008550,\"taxStatus\":\"PERSONAL\",\"creditTerm\":{\"duePeriod\":45,\"holdPeriod\":30},\"taxRegIdStatus\":\"NOT_VERIFIED\",\"fullyRegistered\":true,\"accountCurrencyCode\":\"MXN\",\"externalARManagement\":false,\"aps\":{\"modified\":\"2018-08-06T03:38:58Z\",\"id\":\"421859a1-5836-fbc2-6ec9-4f8858336817\",\"type\":\"http://parallels.com/pa/bss-account-info/1.0\",\"status\":\"aps:ready\",\"revision\":2},\"paAccount\":{\"id\":1008550,\"type\":\"CLIENT\",\"locked\":false,\"personal\":true,\"companyName\":\"Arturo Aguilar\",\"techContact\":{\"email\":\"ariveraa@blitzsoftware.com.mx\",\"locale\":\"en_US\",\"telFax\":\"####\",\"telVoice\":\"52#646#1201506#\",\"givenName\":\"Arturo\",\"familyName\":\"Rivera\",\"middleName\":\"Aguilar\",\"organizationName\":\"\"},\"adminContact\":{\"email\":\"ariveraa@blitzsoftware.com.mx\",\"locale\":\"en_US\",\"telFax\":\"####\",\"telVoice\":\"52#646#1201506#\",\"givenName\":\"Arturo\",\"familyName\":\"Rivera\",\"middleName\":\"Aguilar\",\"organizationName\":\"\"},\"addressPostal\":{\"region\":\"BC\",\"locality\":\"ENSENADA\",\"postalCode\":\"22785\",\"countryName\":\"mx\",\"streetAddress\":\"TRANSPENINSULAR\",\"extendedAddress\":\"AEROPUERTO\"},\"billingContact\":{\"email\":\"ariveraa@blitzsoftware.com.mx\",\"locale\":\"en_US\",\"telFax\":\"####\",\"telVoice\":\"52#646#1201506#\",\"givenName\":\"Arturo\",\"familyName\":\"Rivera\",\"middleName\":\"Aguilar\",\"organizationName\":\"\"},\"aps\":{\"modified\":\"2021-07-16T13:49:53Z\",\"id\":\"8af502d6-9971-4a80-8be0-8847fc9e0235\",\"type\":\"http://parallels.com/aps/types/pa/account/1.2\",\"status\":\"aps:ready\",\"revision\":6}}}]', '2022-07-11 00:00:00', '2022-07-11 00:00:00', 'EXITO'),
('2e23c0d7-6390-4387-9fde-aa00126f7dab', 'a4a4ad17-6383-4a06-8d32-b23828ecff52', 'validateParameter', 'ContrataProdMicrosoftCloudBlue', 'com.hitss.apisodin.dto.ValidateActivationParametersRequest@cc2d7d8', NULL, '2022-07-19 00:00:00', NULL, NULL),
('33cc4e9c-5d3c-4122-aa16-5779546ab773', '3316710d-96b0-46c3-808b-d42f707b6d45', 'SearchCustomerAccount', 'ValidaCuentaCloudBlue', 'https://cp.cloud.lab.telmex.com/aps/2/collections/bss-accounts?eq(accountId,1008550)&select(paAccount)', '[{\"status\":\"ACTIVE\",\"localeId\":\"en\",\"accountId\":1008550,\"taxStatus\":\"PERSONAL\",\"creditTerm\":{\"duePeriod\":45,\"holdPeriod\":30},\"taxRegIdStatus\":\"NOT_VERIFIED\",\"fullyRegistered\":true,\"accountCurrencyCode\":\"MXN\",\"externalARManagement\":false,\"aps\":{\"modified\":\"2018-08-06T03:38:58Z\",\"id\":\"421859a1-5836-fbc2-6ec9-4f8858336817\",\"type\":\"http://parallels.com/pa/bss-account-info/1.0\",\"status\":\"aps:ready\",\"revision\":2},\"paAccount\":{\"id\":1008550,\"type\":\"CLIENT\",\"locked\":false,\"personal\":true,\"companyName\":\"Arturo Aguilar\",\"techContact\":{\"email\":\"ariveraa@blitzsoftware.com.mx\",\"locale\":\"en_US\",\"telFax\":\"####\",\"telVoice\":\"52#646#1201506#\",\"givenName\":\"Arturo\",\"familyName\":\"Rivera\",\"middleName\":\"Aguilar\",\"organizationName\":\"\"},\"adminContact\":{\"email\":\"ariveraa@blitzsoftware.com.mx\",\"locale\":\"en_US\",\"telFax\":\"####\",\"telVoice\":\"52#646#1201506#\",\"givenName\":\"Arturo\",\"familyName\":\"Rivera\",\"middleName\":\"Aguilar\",\"organizationName\":\"\"},\"addressPostal\":{\"region\":\"BC\",\"locality\":\"ENSENADA\",\"postalCode\":\"22785\",\"countryName\":\"mx\",\"streetAddress\":\"TRANSPENINSULAR\",\"extendedAddress\":\"AEROPUERTO\"},\"billingContact\":{\"email\":\"ariveraa@blitzsoftware.com.mx\",\"locale\":\"en_US\",\"telFax\":\"####\",\"telVoice\":\"52#646#1201506#\",\"givenName\":\"Arturo\",\"familyName\":\"Rivera\",\"middleName\":\"Aguilar\",\"organizationName\":\"\"},\"aps\":{\"modified\":\"2021-07-16T13:49:53Z\",\"id\":\"8af502d6-9971-4a80-8be0-8847fc9e0235\",\"type\":\"http://parallels.com/aps/types/pa/account/1.2\",\"status\":\"aps:ready\",\"revision\":6}}}]', '2022-07-11 00:00:00', '2022-07-11 00:00:00', 'EXITO'),
('379017c3-5445-45b4-b93e-d4e1ffd42215', '9f06fc7f-6843-4ae5-9016-51f2775b424a', 'SearchCustomerAccount', 'ValidaCuentaCloudBlue', 'https://cp.cloud.lab.telmex.com/aps/2/collections/bss-accounts?eq(accountId,1008550)&select(paAccount)', '[{\"status\":\"ACTIVE\",\"localeId\":\"en\",\"accountId\":1008550,\"taxStatus\":\"PERSONAL\",\"creditTerm\":{\"duePeriod\":45,\"holdPeriod\":30},\"taxRegIdStatus\":\"NOT_VERIFIED\",\"fullyRegistered\":true,\"accountCurrencyCode\":\"MXN\",\"externalARManagement\":false,\"aps\":{\"modified\":\"2018-08-06T03:38:58Z\",\"id\":\"421859a1-5836-fbc2-6ec9-4f8858336817\",\"type\":\"http://parallels.com/pa/bss-account-info/1.0\",\"status\":\"aps:ready\",\"revision\":2},\"paAccount\":{\"id\":1008550,\"type\":\"CLIENT\",\"locked\":false,\"personal\":true,\"companyName\":\"Arturo Aguilar\",\"techContact\":{\"email\":\"ariveraa@blitzsoftware.com.mx\",\"locale\":\"en_US\",\"telFax\":\"####\",\"telVoice\":\"52#646#1201506#\",\"givenName\":\"Arturo\",\"familyName\":\"Rivera\",\"middleName\":\"Aguilar\",\"organizationName\":\"\"},\"adminContact\":{\"email\":\"ariveraa@blitzsoftware.com.mx\",\"locale\":\"en_US\",\"telFax\":\"####\",\"telVoice\":\"52#646#1201506#\",\"givenName\":\"Arturo\",\"familyName\":\"Rivera\",\"middleName\":\"Aguilar\",\"organizationName\":\"\"},\"addressPostal\":{\"region\":\"BC\",\"locality\":\"ENSENADA\",\"postalCode\":\"22785\",\"countryName\":\"mx\",\"streetAddress\":\"TRANSPENINSULAR\",\"extendedAddress\":\"AEROPUERTO\"},\"billingContact\":{\"email\":\"ariveraa@blitzsoftware.com.mx\",\"locale\":\"en_US\",\"telFax\":\"####\",\"telVoice\":\"52#646#1201506#\",\"givenName\":\"Arturo\",\"familyName\":\"Rivera\",\"middleName\":\"Aguilar\",\"organizationName\":\"\"},\"aps\":{\"modified\":\"2021-07-16T13:49:53Z\",\"id\":\"8af502d6-9971-4a80-8be0-8847fc9e0235\",\"type\":\"http://parallels.com/aps/types/pa/account/1.2\",\"status\":\"aps:ready\",\"revision\":6}}}]', '2022-07-11 00:00:00', '2022-07-11 00:00:00', 'EXITO'),
('397be61c-3723-4096-a2e3-2d4df723df1c', 'e26f2543-5093-4c48-8514-27930da8eb16', 'salesOrder', 'ContrataProdMicrosoftCloudBlue', '{\"type\":\"SALES\",\"accountId\":\"8967140e-5da3-45be-9865-802b94f93d8f\",\"paymentMethodId\":\"13343\",\"products\":[{\"parameters\":[{\"aps\":{\"type\":\"http://aps-standard.org/inhouse-products/tenant/1.0\",\"revision\":0},\"activationParameters\":[{\"key\":\"tenant_preference\",\"value\":\"new\"},{\"key\":\"microsoft_domain\",\"value\":\"testPBA001.onmicrosoft\"},{\"key\":\"partner_on_record_attestation_accepted\",\"structured_value\":{\"attestation_accepted\":true}},{\"key\":\"mca_acceptance\",\"value\":\"yes\"},{\"key\":\"agreement_date\",\"value\":\"07-19-2022\"},{\"key\":\"first_name_agreement\",\"value\":\"Baldovinos\"},{\"key\":\"last_name_agreement\",\"value\":\"Gardunio\"},{\"key\":\"email_address_agreement\",\"value\":\"ariveraa@globalhitss.com\"},{\"key\":\"effective_address\",\"value\":\"MIRA FLORES 005 SAN PEDRO DE LOS PINOS\"},{\"key\":\"effective_city\",\"value\":\"CIUDAD DE MEXICO\"},{\"key\":\"effective_state\",\"value\":\"DF\"},{\"key\":\"effective_postal_code\",\"value\":\"03800\"},{\"key\":\"effective_country\",\"value\":\"mx\"},{\"key\":\"customer_company_name\",\"value\":\"Hitss CIA\"},{\"key\":\"customer_email\",\"value\":\"ariveraa@globalhitss.com\"},{\"key\":\"special_qualifications\",\"value\":\"None\"},{\"key\":\"effective_phonenumber\",\"value\":\"5591542420\"},{\"key\":\"offer_attestation\",\"structured_value\":{\"attestation_accepted\":false}}]}],\"planId\":\"f025bbca-1724-42fb-beb3-507e3c8c352f\",\"period\":{\"unit\":\"MONTHS\",\"duration\":1},\"resources\":[{\"resourceId\":\"d53231de-372a-4017-9444-c30d943b3137\",\"amount\":1}]}],\"acceptedTerms\":[\"1\"]}', '{\"orderId\":\"b7dcf11a-1740-49a1-9bcc-4d06fa187288\",\"paymentCreationResult\":{\"paymentId\":634538}}', '2022-07-19 00:00:00', '2022-07-19 00:00:00', 'EXITO'),
('39b533c3-5bc2-4344-86fe-732dc650e946', '3a424f3b-dfcf-4a23-b239-e8f0498aa42c', 'identofyServicePlan', 'ContrataProdMicrosoftCloudBlue', 'https://cp.cloud.lab.telmex.com/aps/2/collections/service-plans?eq(planId,3929),select(resources)', '[{\"name\":{\"de_DE\":\"Microsoft 365 Business Basic (NCE COM MTH)\",\"en_US\":\"Microsoft 365 Business Basic (NCE COM MTH)\",\"es_ES\":\"Microsoft 365 Business Basic (NCE COM MTH)\",\"fr_FR\":\"Microsoft 365 Business Basic (NCE COM MTH)\",\"it_IT\":\"Microsoft 365 Business Basic (NCE COM MTH)\",\"nl_NL\":\"Microsoft 365 Business Basic (NCE COM MTH)\",\"pt_BR\":\"Microsoft 365 Business Basic (NCE COM MTH)\",\"pt_PT\":\"Microsoft 365 Business Basic (NCE COM MTH)\",\"tr_TR\":\"Microsoft 365 Business Basic (NCE COM MTH)\"},\"planId\":3929,\"publication\":{\"published\":true},\"billingTerms\":{\"model\":\"CHARGE_BEFORE_BILLING_PERIOD\",\"period\":{\"unit\":\"MONTHS\",\"duration\":1},\"autorenewal\":{\"days\":2,\"type\":\"BEFORE_EXPIRATION_DATE\"},\"recurringPricesEvery\":\"BILLING_PERIOD\"},\"resourceRates\":[{\"fees\":{\"setup\":{\"price\":{\"code\":\"MXN\",\"value\":\"0.0\"},\"description\":{\"en_US\":\"Microsoft 365 Business Basic Setup\",\"es_ES\":\"Microsoft 365 Negocio Basico Setup\"},\"chargePerUnit\":true,\"showZeroPrice\":false},\"overuse\":{\"price\":{\"code\":\"MXN\",\"value\":\"0.0\"},\"description\":{\"en_US\":\"Microsoft 365 Business Basic Overusage\",\"es_ES\":\"Microsoft 365 Negocio Basico Overusage\"},\"showZeroPrice\":false},\"recurring\":{\"price\":{\"code\":\"MXN\",\"value\":\"125.0\"},\"description\":{\"en_US\":\"Microsoft 365 Business Basic Recurring\",\"es_ES\":\"Microsoft 365 Negocio Basico Recurring\"},\"chargePerUnit\":true,\"showZeroPrice\":false},\"setupPriceModel\":\"FLAT\",\"overusePriceModel\":\"FLAT\",\"recurringPriceModel\":\"FLAT\"},\"units\":{\"max\":300.0,\"min\":1.0,\"included\":0.0},\"display\":{\"type\":\"DEFAULT\"},\"published\":true,\"measurable\":false,\"resourceId\":\"d53231de-372a-4017-9444-c30d943b3137\",\"sortNumber\":999,\"publication\":{\"store\":{\"priceText\":{\"en_US\":\"\"},\"description\":{\"en_US\":\"\"}}},\"showInStore\":true,\"modifyInTrial\":false,\"showInCustomerPanel\":true}],\"longDescription\":{\"de_DE\":\"Includes web-based Office, professional email, cloud storage, and online meetings & chat.\",\"en_US\":\"Includes web-based Office, professional email, cloud storage, and online meetings & chat.\",\"es_ES\":\"Office en l√≠nea', '2022-07-11 00:00:00', '2022-07-11 00:00:00', 'EXITO'),
('39f4dae2-20c0-405f-8fa5-5e2613a6eefa', 'e8818396-5918-409b-9135-75e06af640e3', 'IdentifyPaymentMethod', 'ValidaCuentaCloudBlue', 'https://cp.cloud.lab.telmex.com/aps/2/services/payment-method-manager/paymentMethods?accountId=8967140e-5da3-45be-9865-802b94f93d8f', '[{\"id\":13343,\"paymentSystemId\":\"Receipt Account Telmex Bill\",\"paymentSystem\":\"CUENTA MAESTRA\",\"ownerAccountId\":\"8967140e-5da3-45be-9865-802b94f93d8f\",\"number\":\"5591542420\",\"name\":\"CUENTA MAESTRA 5591542420\",\"type\":\"CUSTOM\",\"perCustomer\":true,\"status\":\"ACTIVE\",\"ratified\":\"NOT_REQUIRED\",\"defaultMethod\":true,\"tokenizable\":false,\"consentStatus\":\"CONSENT_NOT_REQUIRED\",\"consentDate\":null,\"deletionDate\":null,\"whoAgreedId\":null,\"agreementURL\":null,\"parameters\":[{\"id\":\"Telephone\",\"name\":{\"en\":\"Phone\",\"es\":\"Telefono\"},\"type\":\"STR\",\"value\":\"5591542420\"}]}]', '2022-07-19 00:00:00', '2022-07-19 00:00:00', 'EXITO'),
('3ccafb15-b6b2-490f-8e95-f7cfd9fcc650', '3a424f3b-dfcf-4a23-b239-e8f0498aa42c', 'validateParameter', 'ContrataProdMicrosoftCloudBlue', 'com.hitss.apisodin.dto.ValidateActivationParametersRequest@75a1109', NULL, '2022-07-11 00:00:00', NULL, NULL),
('3f55f96c-0ce5-4511-bf0f-5314d08cff2b', '6d3e9bd6-74e0-41a0-9ddb-3f0189e35672', 'PaymentMethodGet', 'ValidaCuentaCloudBlue', '<?xml version=\"1.0\" encoding=\"UTF-8\"?><methodCall><methodName>Execute</methodName><params><param><value><struct><member><name>Server</name><value>FSTELMEX</value></member><member><name>Method</name><value>PaymentMethodGet_API</value></member><member><name>Params</name><value><array><data><value>6461201506</value><value>1000115</value></data></array></value></member></struct></value></param></params></methodCall>', '<?xml version=\"1.0\" encoding=\"UTF-8\"?><methodResponse><params><param><value><struct><member><name>Result</name><value><array><data><value><array><data><value><i4>8140</i4></value><value><i4>130</i4></value><value><i4>1000115</i4></value><value><i4>1008550</i4></value><value><i4>1</i4></value><value><i4>1</i4></value></data></array></value></data></array></value></member></struct></value></param></params></methodResponse>', '2022-07-11 00:00:00', '2022-07-11 00:00:00', 'EXITO'),
('3ff948cd-3b3e-4ac6-a75a-6e741903be14', '3a0ef412-1c3b-4ee1-b092-17e0eb01baf2', 'PaymentMethodGet', 'ValidaCuentaCloudBlue', '<?xml version=\"1.0\" encoding=\"UTF-8\"?><methodCall><methodName>Execute</methodName><params><param><value><struct><member><name>Server</name><value>FSTELMEX</value></member><member><name>Method</name><value>PaymentMethodGet_API</value></member><member><name>Params</name><value><array><data><value>5591542420</value><value>1</value></data></array></value></member></struct></value></param></params></methodCall>', '<?xml version=\"1.0\" encoding=\"UTF-8\"?><methodResponse><params><param><value><struct><member><name>Result</name><value><array><data><value><array><data><value><i4>13343</i4></value><value><i4>140</i4></value><value><i4>1</i4></value><value><i4>1014453</i4></value><value><i4>1</i4></value><value><i4>1</i4></value></data></array></value></data></array></value></member></struct></value></param></params></methodResponse>', '2022-07-19 00:00:00', '2022-07-19 00:00:00', 'EXITO'),
('4b814eda-4356-4f30-a82a-7b04c6e45245', 'c37c9523-b9e3-4cbf-985e-db124c08e14e', 'identofyServicePlan', 'ContrataProdMicrosoftCloudBlue', 'https://cp.cloud.lab.telmex.com/aps/2/collections/service-plans?eq(planId,3929),select(resources)', '[{\"name\":{\"de_DE\":\"Microsoft 365 Business Basic (NCE COM MTH)\",\"en_US\":\"Microsoft 365 Business Basic (NCE COM MTH)\",\"es_ES\":\"Microsoft 365 Business Basic (NCE COM MTH)\",\"fr_FR\":\"Microsoft 365 Business Basic (NCE COM MTH)\",\"it_IT\":\"Microsoft 365 Business Basic (NCE COM MTH)\",\"nl_NL\":\"Microsoft 365 Business Basic (NCE COM MTH)\",\"pt_BR\":\"Microsoft 365 Business Basic (NCE COM MTH)\",\"pt_PT\":\"Microsoft 365 Business Basic (NCE COM MTH)\",\"tr_TR\":\"Microsoft 365 Business Basic (NCE COM MTH)\"},\"planId\":3929,\"publication\":{\"published\":true},\"billingTerms\":{\"model\":\"CHARGE_BEFORE_BILLING_PERIOD\",\"period\":{\"unit\":\"MONTHS\",\"duration\":1},\"autorenewal\":{\"days\":2,\"type\":\"BEFORE_EXPIRATION_DATE\"},\"recurringPricesEvery\":\"BILLING_PERIOD\"},\"resourceRates\":[{\"fees\":{\"setup\":{\"price\":{\"code\":\"MXN\",\"value\":\"0.0\"},\"description\":{\"en_US\":\"Microsoft 365 Business Basic Setup\",\"es_ES\":\"Microsoft 365 Negocio Basico Setup\"},\"chargePerUnit\":true,\"showZeroPrice\":false},\"overuse\":{\"price\":{\"code\":\"MXN\",\"value\":\"0.0\"},\"description\":{\"en_US\":\"Microsoft 365 Business Basic Overusage\",\"es_ES\":\"Microsoft 365 Negocio Basico Overusage\"},\"showZeroPrice\":false},\"recurring\":{\"price\":{\"code\":\"MXN\",\"value\":\"125.0\"},\"description\":{\"en_US\":\"Microsoft 365 Business Basic Recurring\",\"es_ES\":\"Microsoft 365 Negocio Basico Recurring\"},\"chargePerUnit\":true,\"showZeroPrice\":false},\"setupPriceModel\":\"FLAT\",\"overusePriceModel\":\"FLAT\",\"recurringPriceModel\":\"FLAT\"},\"units\":{\"max\":300.0,\"min\":1.0,\"included\":0.0},\"display\":{\"type\":\"DEFAULT\"},\"published\":true,\"measurable\":false,\"resourceId\":\"d53231de-372a-4017-9444-c30d943b3137\",\"sortNumber\":999,\"publication\":{\"store\":{\"priceText\":{\"en_US\":\"\"},\"description\":{\"en_US\":\"\"}}},\"showInStore\":true,\"modifyInTrial\":false,\"showInCustomerPanel\":true}],\"longDescription\":{\"de_DE\":\"Includes web-based Office, professional email, cloud storage, and online meetings & chat.\",\"en_US\":\"Includes web-based Office, professional email, cloud storage, and online meetings & chat.\",\"es_ES\":\"Office en l√≠nea', '2022-07-19 00:00:00', '2022-07-19 00:00:00', 'EXITO'),
('4fd05a64-a62a-4b86-88d5-aa3d6f872967', 'a5f5d2d6-bd4d-477c-927d-f16e9ea50502', 'SearchCustomerAccount', 'ValidaCuentaCloudBlue', 'https://cp.cloud.lab.telmex.com/aps/2/collections/bss-accounts?eq(accountId,1014453)&select(paAccount)', '[{\"status\":\"ACTIVE\",\"localeId\":\"en\",\"accountId\":1014453,\"taxStatus\":\"COMPANY\",\"taxZoneId\":\"Default\",\"creditTerm\":{\"duePeriod\":45,\"holdPeriod\":30},\"taxRegIdStatus\":\"NOT_VERIFIED\",\"fullyRegistered\":true,\"accountCurrencyCode\":\"MXN\",\"externalARManagement\":false,\"aps\":{\"modified\":\"2021-04-30T13:33:58Z\",\"id\":\"b6a985ce-b431-4a63-bfbf-d943fbeaf093\",\"type\":\"http://parallels.com/pa/bss-account-info/1.0\",\"status\":\"aps:ready\",\"revision\":2},\"paAccount\":{\"id\":1014453,\"type\":\"CLIENT\",\"locked\":false,\"personal\":false,\"companyName\":\"Hitss CIA\",\"techContact\":{\"email\":\"ariveraa@globalhitss.com\",\"locale\":\"en_US\",\"telFax\":\"\",\"telVoice\":\"52#55#91542420#\",\"givenName\":\"Baldovinos\",\"familyName\":\"Gardunio\",\"middleName\":\"Rodolfo\",\"organizationName\":\"\"},\"adminContact\":{\"email\":\"ariveraa@globalhitss.com\",\"locale\":\"en_US\",\"telFax\":\"\",\"telVoice\":\"52#55#91542420#\",\"givenName\":\"Baldovinos\",\"familyName\":\"Gardunio\",\"middleName\":\"Rodolfo\",\"organizationName\":\"\"},\"addressPostal\":{\"region\":\"CIUDAD DE MEXICO\",\"locality\":\"MEXICO\",\"postalCode\":\"03800\",\"countryName\":\"mx\",\"streetAddress\":\"MIRA FLORES, 0000005\",\"extendedAddress\":\"SAN PEDRO DE LOS PINOS\"},\"billingContact\":{\"email\":\"ariveraa@globalhitss.com\",\"locale\":\"en_US\",\"telFax\":\"\",\"telVoice\":\"52#55#91542420#\",\"givenName\":\"Baldovinos\",\"familyName\":\"Gardunio\",\"middleName\":\"Rodolfo\",\"organizationName\":\"\"},\"aps\":{\"modified\":\"2021-04-30T13:32:58Z\",\"id\":\"8967140e-5da3-45be-9865-802b94f93d8f\",\"type\":\"http://parallels.com/aps/types/pa/account/1.2\",\"status\":\"aps:ready\",\"revision\":2}}}]', '2022-07-11 00:00:00', '2022-07-11 00:00:00', 'EXITO'),
('51b4ef58-cbe9-4204-bdfc-8a2b5632344e', 'b62a0933-d7c6-44ea-8af6-5ba95a90513f', 'SearchCustomerAccount', 'ValidaCuentaCloudBlue', 'https://cp.cloud.lab.telmex.com/aps/2/collections/bss-accounts?eq(accountId,1008550)&select(paAccount)', '[{\"status\":\"ACTIVE\",\"localeId\":\"en\",\"accountId\":1008550,\"taxStatus\":\"PERSONAL\",\"creditTerm\":{\"duePeriod\":45,\"holdPeriod\":30},\"taxRegIdStatus\":\"NOT_VERIFIED\",\"fullyRegistered\":true,\"accountCurrencyCode\":\"MXN\",\"externalARManagement\":false,\"aps\":{\"modified\":\"2018-08-06T03:38:58Z\",\"id\":\"421859a1-5836-fbc2-6ec9-4f8858336817\",\"type\":\"http://parallels.com/pa/bss-account-info/1.0\",\"status\":\"aps:ready\",\"revision\":2},\"paAccount\":{\"id\":1008550,\"type\":\"CLIENT\",\"locked\":false,\"personal\":true,\"companyName\":\"Arturo Aguilar\",\"techContact\":{\"email\":\"ariveraa@blitzsoftware.com.mx\",\"locale\":\"en_US\",\"telFax\":\"####\",\"telVoice\":\"52#646#1201506#\",\"givenName\":\"Arturo\",\"familyName\":\"Rivera\",\"middleName\":\"Aguilar\",\"organizationName\":\"\"},\"adminContact\":{\"email\":\"ariveraa@blitzsoftware.com.mx\",\"locale\":\"en_US\",\"telFax\":\"####\",\"telVoice\":\"52#646#1201506#\",\"givenName\":\"Arturo\",\"familyName\":\"Rivera\",\"middleName\":\"Aguilar\",\"organizationName\":\"\"},\"addressPostal\":{\"region\":\"BC\",\"locality\":\"ENSENADA\",\"postalCode\":\"22785\",\"countryName\":\"mx\",\"streetAddress\":\"TRANSPENINSULAR\",\"extendedAddress\":\"AEROPUERTO\"},\"billingContact\":{\"email\":\"ariveraa@blitzsoftware.com.mx\",\"locale\":\"en_US\",\"telFax\":\"####\",\"telVoice\":\"52#646#1201506#\",\"givenName\":\"Arturo\",\"familyName\":\"Rivera\",\"middleName\":\"Aguilar\",\"organizationName\":\"\"},\"aps\":{\"modified\":\"2021-07-16T13:49:53Z\",\"id\":\"8af502d6-9971-4a80-8be0-8847fc9e0235\",\"type\":\"http://parallels.com/aps/types/pa/account/1.2\",\"status\":\"aps:ready\",\"revision\":6}}}]', '2022-07-11 00:00:00', '2022-07-11 00:00:00', 'EXITO'),
('5335aeda-216f-4317-90bf-d85e6fe59810', '3a0ef412-1c3b-4ee1-b092-17e0eb01baf2', 'IdentifyPaymentMethod', 'ValidaCuentaCloudBlue', 'https://cp.cloud.lab.telmex.com/aps/2/services/payment-method-manager/paymentMethods?accountId=8967140e-5da3-45be-9865-802b94f93d8f', '[{\"id\":13343,\"paymentSystemId\":\"Receipt Account Telmex Bill\",\"paymentSystem\":\"CUENTA MAESTRA\",\"ownerAccountId\":\"8967140e-5da3-45be-9865-802b94f93d8f\",\"number\":\"5591542420\",\"name\":\"CUENTA MAESTRA 5591542420\",\"type\":\"CUSTOM\",\"perCustomer\":true,\"status\":\"ACTIVE\",\"ratified\":\"NOT_REQUIRED\",\"defaultMethod\":true,\"tokenizable\":false,\"consentStatus\":\"CONSENT_NOT_REQUIRED\",\"consentDate\":null,\"deletionDate\":null,\"whoAgreedId\":null,\"agreementURL\":null,\"parameters\":[{\"id\":\"Telephone\",\"name\":{\"en\":\"Phone\",\"es\":\"Telefono\"},\"type\":\"STR\",\"value\":\"5591542420\"}]}]', '2022-07-19 00:00:00', '2022-07-19 00:00:00', 'EXITO'),
('58fcd251-2344-466d-8eb2-3988c2d783b2', 'd82c192a-ac01-4d5c-922a-08fd72437611', 'SearchCustomerAccount', 'ValidaCuentaCloudBlue', 'https://cp.cloud.lab.telmex.com/aps/2/collections/bss-accounts?eq(accountId,1014453)&select(paAccount)', '[{\"status\":\"ACTIVE\",\"localeId\":\"en\",\"accountId\":1014453,\"taxStatus\":\"COMPANY\",\"taxZoneId\":\"Default\",\"creditTerm\":{\"duePeriod\":45,\"holdPeriod\":30},\"taxRegIdStatus\":\"NOT_VERIFIED\",\"fullyRegistered\":true,\"accountCurrencyCode\":\"MXN\",\"externalARManagement\":false,\"aps\":{\"modified\":\"2021-04-30T13:33:58Z\",\"id\":\"b6a985ce-b431-4a63-bfbf-d943fbeaf093\",\"type\":\"http://parallels.com/pa/bss-account-info/1.0\",\"status\":\"aps:ready\",\"revision\":2},\"paAccount\":{\"id\":1014453,\"type\":\"CLIENT\",\"locked\":false,\"personal\":false,\"companyName\":\"Hitss CIA\",\"techContact\":{\"email\":\"ariveraa@globalhitss.com\",\"locale\":\"en_US\",\"telFax\":\"\",\"telVoice\":\"52#55#91542420#\",\"givenName\":\"Baldovinos\",\"familyName\":\"Gardunio\",\"middleName\":\"Rodolfo\",\"organizationName\":\"\"},\"adminContact\":{\"email\":\"ariveraa@globalhitss.com\",\"locale\":\"en_US\",\"telFax\":\"\",\"telVoice\":\"52#55#91542420#\",\"givenName\":\"Baldovinos\",\"familyName\":\"Gardunio\",\"middleName\":\"Rodolfo\",\"organizationName\":\"\"},\"addressPostal\":{\"region\":\"CIUDAD DE MEXICO\",\"locality\":\"MEXICO\",\"postalCode\":\"03800\",\"countryName\":\"mx\",\"streetAddress\":\"MIRA FLORES, 0000005\",\"extendedAddress\":\"SAN PEDRO DE LOS PINOS\"},\"billingContact\":{\"email\":\"ariveraa@globalhitss.com\",\"locale\":\"en_US\",\"telFax\":\"\",\"telVoice\":\"52#55#91542420#\",\"givenName\":\"Baldovinos\",\"familyName\":\"Gardunio\",\"middleName\":\"Rodolfo\",\"organizationName\":\"\"},\"aps\":{\"modified\":\"2021-04-30T13:32:58Z\",\"id\":\"8967140e-5da3-45be-9865-802b94f93d8f\",\"type\":\"http://parallels.com/aps/types/pa/account/1.2\",\"status\":\"aps:ready\",\"revision\":2}}}]', '2022-07-11 00:00:00', '2022-07-11 00:00:00', 'EXITO'),
('59e26c32-83d5-4283-bf12-6fbe30d11a7c', '4d5a197b-88c9-4d14-98bd-cf0e1e7b8ea7', 'IdentifyPaymentMethod', 'ValidaCuentaCloudBlue', 'https://cp.cloud.lab.telmex.com/aps/2/services/payment-method-manager/paymentMethods?accountId=8967140e-5da3-45be-9865-802b94f93d8f', '[{\"id\":13343,\"paymentSystemId\":\"Receipt Account Telmex Bill\",\"paymentSystem\":\"CUENTA MAESTRA\",\"ownerAccountId\":\"8967140e-5da3-45be-9865-802b94f93d8f\",\"number\":\"5591542420\",\"name\":\"CUENTA MAESTRA 5591542420\",\"type\":\"CUSTOM\",\"perCustomer\":true,\"status\":\"ACTIVE\",\"ratified\":\"NOT_REQUIRED\",\"defaultMethod\":true,\"tokenizable\":false,\"consentStatus\":\"CONSENT_NOT_REQUIRED\",\"consentDate\":null,\"deletionDate\":null,\"whoAgreedId\":null,\"agreementURL\":null,\"parameters\":[{\"id\":\"Telephone\",\"name\":{\"en\":\"Phone\",\"es\":\"Telefono\"},\"type\":\"STR\",\"value\":\"5591542420\"}]}]', '2022-07-19 00:00:00', '2022-07-19 00:00:00', 'EXITO');
INSERT INTO `nce_11_t_det_bitacora` (`ID_DET_BITACORA`, `ID_BITACORA`, `PROVEEDOR`, `NOM_SERVICIO`, `REQUEST`, `RESPONSE`, `FECHA_INI`, `FECHA_FIN`, `MENSAJE_TEC`) VALUES
('5a80f156-09ee-42d4-9050-c8889e4c3d1a', 'a4a4ad17-6383-4a06-8d32-b23828ecff52', 'identofyServicePlan', 'ContrataProdMicrosoftCloudBlue', 'https://cp.cloud.lab.telmex.com/aps/2/collections/service-plans?eq(planId,3929),select(resources)', '[{\"name\":{\"de_DE\":\"Microsoft 365 Business Basic (NCE COM MTH)\",\"en_US\":\"Microsoft 365 Business Basic (NCE COM MTH)\",\"es_ES\":\"Microsoft 365 Business Basic (NCE COM MTH)\",\"fr_FR\":\"Microsoft 365 Business Basic (NCE COM MTH)\",\"it_IT\":\"Microsoft 365 Business Basic (NCE COM MTH)\",\"nl_NL\":\"Microsoft 365 Business Basic (NCE COM MTH)\",\"pt_BR\":\"Microsoft 365 Business Basic (NCE COM MTH)\",\"pt_PT\":\"Microsoft 365 Business Basic (NCE COM MTH)\",\"tr_TR\":\"Microsoft 365 Business Basic (NCE COM MTH)\"},\"planId\":3929,\"publication\":{\"published\":true},\"billingTerms\":{\"model\":\"CHARGE_BEFORE_BILLING_PERIOD\",\"period\":{\"unit\":\"MONTHS\",\"duration\":1},\"autorenewal\":{\"days\":2,\"type\":\"BEFORE_EXPIRATION_DATE\"},\"recurringPricesEvery\":\"BILLING_PERIOD\"},\"resourceRates\":[{\"fees\":{\"setup\":{\"price\":{\"code\":\"MXN\",\"value\":\"0.0\"},\"description\":{\"en_US\":\"Microsoft 365 Business Basic Setup\",\"es_ES\":\"Microsoft 365 Negocio Basico Setup\"},\"chargePerUnit\":true,\"showZeroPrice\":false},\"overuse\":{\"price\":{\"code\":\"MXN\",\"value\":\"0.0\"},\"description\":{\"en_US\":\"Microsoft 365 Business Basic Overusage\",\"es_ES\":\"Microsoft 365 Negocio Basico Overusage\"},\"showZeroPrice\":false},\"recurring\":{\"price\":{\"code\":\"MXN\",\"value\":\"125.0\"},\"description\":{\"en_US\":\"Microsoft 365 Business Basic Recurring\",\"es_ES\":\"Microsoft 365 Negocio Basico Recurring\"},\"chargePerUnit\":true,\"showZeroPrice\":false},\"setupPriceModel\":\"FLAT\",\"overusePriceModel\":\"FLAT\",\"recurringPriceModel\":\"FLAT\"},\"units\":{\"max\":300.0,\"min\":1.0,\"included\":0.0},\"display\":{\"type\":\"DEFAULT\"},\"published\":true,\"measurable\":false,\"resourceId\":\"d53231de-372a-4017-9444-c30d943b3137\",\"sortNumber\":999,\"publication\":{\"store\":{\"priceText\":{\"en_US\":\"\"},\"description\":{\"en_US\":\"\"}}},\"showInStore\":true,\"modifyInTrial\":false,\"showInCustomerPanel\":true}],\"longDescription\":{\"de_DE\":\"Includes web-based Office, professional email, cloud storage, and online meetings & chat.\",\"en_US\":\"Includes web-based Office, professional email, cloud storage, and online meetings & chat.\",\"es_ES\":\"Office en l√≠nea', '2022-07-19 00:00:00', '2022-07-19 00:00:00', 'EXITO'),
('5bc85100-28ad-44fd-bfc1-c76c012805ab', 'e26f2543-5093-4c48-8514-27930da8eb16', 'identofyServicePlan', 'ContrataProdMicrosoftCloudBlue', 'https://cp.cloud.lab.telmex.com/aps/2/collections/service-plans?eq(planId,3929),select(resources)', '[{\"name\":{\"de_DE\":\"Microsoft 365 Business Basic (NCE COM MTH)\",\"en_US\":\"Microsoft 365 Business Basic (NCE COM MTH)\",\"es_ES\":\"Microsoft 365 Business Basic (NCE COM MTH)\",\"fr_FR\":\"Microsoft 365 Business Basic (NCE COM MTH)\",\"it_IT\":\"Microsoft 365 Business Basic (NCE COM MTH)\",\"nl_NL\":\"Microsoft 365 Business Basic (NCE COM MTH)\",\"pt_BR\":\"Microsoft 365 Business Basic (NCE COM MTH)\",\"pt_PT\":\"Microsoft 365 Business Basic (NCE COM MTH)\",\"tr_TR\":\"Microsoft 365 Business Basic (NCE COM MTH)\"},\"planId\":3929,\"publication\":{\"published\":true},\"billingTerms\":{\"model\":\"CHARGE_BEFORE_BILLING_PERIOD\",\"period\":{\"unit\":\"MONTHS\",\"duration\":1},\"autorenewal\":{\"days\":2,\"type\":\"BEFORE_EXPIRATION_DATE\"},\"recurringPricesEvery\":\"BILLING_PERIOD\"},\"resourceRates\":[{\"fees\":{\"setup\":{\"price\":{\"code\":\"MXN\",\"value\":\"0.0\"},\"description\":{\"en_US\":\"Microsoft 365 Business Basic Setup\",\"es_ES\":\"Microsoft 365 Negocio Basico Setup\"},\"chargePerUnit\":true,\"showZeroPrice\":false},\"overuse\":{\"price\":{\"code\":\"MXN\",\"value\":\"0.0\"},\"description\":{\"en_US\":\"Microsoft 365 Business Basic Overusage\",\"es_ES\":\"Microsoft 365 Negocio Basico Overusage\"},\"showZeroPrice\":false},\"recurring\":{\"price\":{\"code\":\"MXN\",\"value\":\"125.0\"},\"description\":{\"en_US\":\"Microsoft 365 Business Basic Recurring\",\"es_ES\":\"Microsoft 365 Negocio Basico Recurring\"},\"chargePerUnit\":true,\"showZeroPrice\":false},\"setupPriceModel\":\"FLAT\",\"overusePriceModel\":\"FLAT\",\"recurringPriceModel\":\"FLAT\"},\"units\":{\"max\":300.0,\"min\":1.0,\"included\":0.0},\"display\":{\"type\":\"DEFAULT\"},\"published\":true,\"measurable\":false,\"resourceId\":\"d53231de-372a-4017-9444-c30d943b3137\",\"sortNumber\":999,\"publication\":{\"store\":{\"priceText\":{\"en_US\":\"\"},\"description\":{\"en_US\":\"\"}}},\"showInStore\":true,\"modifyInTrial\":false,\"showInCustomerPanel\":true}],\"longDescription\":{\"de_DE\":\"Includes web-based Office, professional email, cloud storage, and online meetings & chat.\",\"en_US\":\"Includes web-based Office, professional email, cloud storage, and online meetings & chat.\",\"es_ES\":\"Office en l√≠nea', '2022-07-19 00:00:00', '2022-07-19 00:00:00', 'EXITO'),
('61fd3ab7-c11c-4c95-8079-80eb17e4db27', '3a424f3b-dfcf-4a23-b239-e8f0498aa42c', 'salesOrder', 'ContrataProdMicrosoftCloudBlue', '{\"type\":\"SALES\",\"accountId\":\"8967140e-5da3-45be-9865-802b94f93d8f\",\"paymentMethodId\":\"13343\",\"products\":[{\"parameters\":[{\"aps\":{\"type\":\"http://aps-standard.org/inhouse-products/tenant/1.0\",\"revision\":0},\"activationParameters\":[{\"key\":\"tenant_preference\",\"value\":\"new\"},{\"key\":\"microsoft_domain\",\"value\":\"initDomian01.onmicrosoft.com\"},{\"key\":\"partner_on_record_attestation_accepted\",\"structured_value\":{\"attestation_accepted\":true}},{\"key\":\"mca_acceptance\",\"value\":\"yes\"},{\"key\":\"agreement_date\",\"value\":\"07-11-2022\"},{\"key\":\"first_name_agreement\",\"value\":\"Arturo\"},{\"key\":\"last_name_agreement\",\"value\":\"Aguilar R\"},{\"key\":\"email_address_agreement\",\"value\":\"aguilara@globalhitss.com\"},{\"key\":\"effective_address\",\"value\":\"calle numero\"},{\"key\":\"effective_city\",\"value\":\"ciudad 1\"},{\"key\":\"effective_state\",\"value\":\"DF\"},{\"key\":\"effective_postal_code\",\"value\":\"11320\"},{\"key\":\"effective_country\",\"value\":\"mx\"},{\"key\":\"customer_company_name\",\"value\":\"Empresa CCP\"},{\"key\":\"customer_email\",\"value\":\"aguilara@globalhitss.com\"},{\"key\":\"special_qualifications\",\"value\":\"None\"},{\"key\":\"effective_phonenumber\",\"value\":\"5591542420\"},{\"key\":\"offer_attestation\",\"structured_value\":{\"attestation_accepted\":false}}]}],\"planId\":\"f025bbca-1724-42fb-beb3-507e3c8c352f\",\"period\":{\"unit\":\"MONTHS\",\"duration\":1},\"resources\":[{\"resourceId\":\"d53231de-372a-4017-9444-c30d943b3137\",\"amount\":1}]}],\"acceptedTerms\":[\"1\"]}', 'Error al generar la orden :salesOrder', '2022-07-11 00:00:00', '2022-07-11 00:00:00', 'ERROR EN SERVICIO ODIN statusCode:null,err=timeout'),
('632b6a56-1176-43b7-8ff2-27d3fb3461ca', '8f34449b-f028-4a1a-9a8e-824d7bac310e', 'IdentifyPaymentMethod', 'ValidaCuentaCloudBlue', 'https://cp.cloud.lab.telmex.com/aps/2/services/payment-method-manager/paymentMethods?accountId=8967140e-5da3-45be-9865-802b94f93d8f', '[{\"id\":13343,\"paymentSystemId\":\"Receipt Account Telmex Bill\",\"paymentSystem\":\"CUENTA MAESTRA\",\"ownerAccountId\":\"8967140e-5da3-45be-9865-802b94f93d8f\",\"number\":\"5591542420\",\"name\":\"CUENTA MAESTRA 5591542420\",\"type\":\"CUSTOM\",\"perCustomer\":true,\"status\":\"ACTIVE\",\"ratified\":\"NOT_REQUIRED\",\"defaultMethod\":true,\"tokenizable\":false,\"consentStatus\":\"CONSENT_NOT_REQUIRED\",\"consentDate\":null,\"deletionDate\":null,\"whoAgreedId\":null,\"agreementURL\":null,\"parameters\":[{\"id\":\"Telephone\",\"name\":{\"en\":\"Phone\",\"es\":\"Telefono\"},\"type\":\"STR\",\"value\":\"5591542420\"}]}]', '2022-07-11 00:00:00', '2022-07-11 00:00:00', 'EXITO'),
('66e91b3f-4a1b-472a-8d5b-af68124d488e', '37bb337d-7830-4d52-8c06-7122fe160344', 'validateParameter', 'ContrataProdMicrosoftCloudBlue', '{\"aps\":{\"type\":\"\\\"http://aps-standard.org/inhouse-products/tenant/1.0\\\"\",\"revision\":0},\"activationParameters\":[{\"key\":\"tenant_preference\",\"value\":\"new\"},{\"key\":\"microsoft_domain\",\"value\":\"testPBA002.onmicrosoft.com\"},{\"key\":\"partner_on_record_attestation_accepted\",\"structured_value\":{\"attestation_accepted\":true}},{\"key\":\"mca_acceptance\",\"value\":\"yes\"},{\"key\":\"agreement_date\",\"value\":\"07-19-2022\"},{\"key\":\"first_name_agreement\",\"value\":\"Baldovinos\"},{\"key\":\"last_name_agreement\",\"value\":\"Gardunio\"},{\"key\":\"email_address_agreement\",\"value\":\"ariveraa@globalhitss.com\"},{\"key\":\"effective_address\",\"value\":\"MIRA FLORES 005 SAN PEDRO DE LOS PINOS\"},{\"key\":\"effective_city\",\"value\":\"CIUDAD DE MEXICO\"},{\"key\":\"effective_state\",\"value\":\"DF\"},{\"key\":\"effective_postal_code\",\"value\":\"03800\"},{\"key\":\"effective_country\",\"value\":\"mx\"},{\"key\":\"customer_company_name\",\"value\":\"Hitss CIA\"},{\"key\":\"customer_email\",\"value\":\"ariveraa@globalhitss.com\"},{\"key\":\"special_qualifications\",\"value\":\"None\"},{\"key\":\"effective_phonenumber\",\"value\":\"5591542420\"},{\"key\":\"offer_attestation\",\"structured_value\":{\"attestation_accepted\":false}}],\"type\":\"purchase\",\"items\":{\"1009350\":{\"1009350\":\"1009350\",\"quantity\":1,\"resourceApsId\":\"e5396baf-5d32-406e-aada-a22c2e6950db\"}},\"itemPeriod\":{\"subscriptionPeriod\":1,\"subscriptionPeriodType\":\"month\",\"planApsId\":\"f025bbca-1724-42fb-beb3-507e3c8c352f\"}}', 'Error en api:validateParameter', '2022-07-19 00:00:00', '2022-07-19 00:00:00', 'ERROR EN SERVICIO ODIN statusCode:null,err=Read timed out'),
('6c2df51c-3df6-4204-a745-01bb3e86aa37', '3a0ef412-1c3b-4ee1-b092-17e0eb01baf2', 'SearchCustomerAccount', 'ValidaCuentaCloudBlue', 'https://cp.cloud.lab.telmex.com/aps/2/collections/bss-accounts?eq(accountId,1014453)&select(paAccount)', '[{\"status\":\"ACTIVE\",\"localeId\":\"en\",\"accountId\":1014453,\"taxStatus\":\"COMPANY\",\"taxZoneId\":\"Default\",\"creditTerm\":{\"duePeriod\":45,\"holdPeriod\":30},\"taxRegIdStatus\":\"NOT_VERIFIED\",\"fullyRegistered\":true,\"accountCurrencyCode\":\"MXN\",\"externalARManagement\":false,\"aps\":{\"modified\":\"2021-04-30T13:33:58Z\",\"id\":\"b6a985ce-b431-4a63-bfbf-d943fbeaf093\",\"type\":\"http://parallels.com/pa/bss-account-info/1.0\",\"status\":\"aps:ready\",\"revision\":2},\"paAccount\":{\"id\":1014453,\"type\":\"CLIENT\",\"locked\":false,\"personal\":false,\"companyName\":\"Hitss CIA\",\"techContact\":{\"email\":\"ariveraa@globalhitss.com\",\"locale\":\"en_US\",\"telFax\":\"\",\"telVoice\":\"52#55#91542420#\",\"givenName\":\"Baldovinos\",\"familyName\":\"Gardunio\",\"middleName\":\"Rodolfo\",\"organizationName\":\"\"},\"adminContact\":{\"email\":\"ariveraa@globalhitss.com\",\"locale\":\"en_US\",\"telFax\":\"\",\"telVoice\":\"52#55#91542420#\",\"givenName\":\"Baldovinos\",\"familyName\":\"Gardunio\",\"middleName\":\"Rodolfo\",\"organizationName\":\"\"},\"addressPostal\":{\"region\":\"CIUDAD DE MEXICO\",\"locality\":\"MEXICO\",\"postalCode\":\"03800\",\"countryName\":\"mx\",\"streetAddress\":\"MIRA FLORES, 0000005\",\"extendedAddress\":\"SAN PEDRO DE LOS PINOS\"},\"billingContact\":{\"email\":\"ariveraa@globalhitss.com\",\"locale\":\"en_US\",\"telFax\":\"\",\"telVoice\":\"52#55#91542420#\",\"givenName\":\"Baldovinos\",\"familyName\":\"Gardunio\",\"middleName\":\"Rodolfo\",\"organizationName\":\"\"},\"aps\":{\"modified\":\"2021-04-30T13:32:58Z\",\"id\":\"8967140e-5da3-45be-9865-802b94f93d8f\",\"type\":\"http://parallels.com/aps/types/pa/account/1.2\",\"status\":\"aps:ready\",\"revision\":2}}}]', '2022-07-19 00:00:00', '2022-07-19 00:00:00', 'EXITO'),
('6e81cba5-2a70-4a1d-a4f1-1e9d5e9c531b', 'f95bce8c-8bad-4db9-9395-a33228f840b4', 'IdentifyPaymentMethod', 'ValidaCuentaCloudBlue', 'https://cp.cloud.lab.telmex.com/aps/2/services/payment-method-manager/paymentMethods?accountId=8967140e-5da3-45be-9865-802b94f93d8f', '[{\"id\":13343,\"paymentSystemId\":\"Receipt Account Telmex Bill\",\"paymentSystem\":\"CUENTA MAESTRA\",\"ownerAccountId\":\"8967140e-5da3-45be-9865-802b94f93d8f\",\"number\":\"5591542420\",\"name\":\"CUENTA MAESTRA 5591542420\",\"type\":\"CUSTOM\",\"perCustomer\":true,\"status\":\"ACTIVE\",\"ratified\":\"NOT_REQUIRED\",\"defaultMethod\":true,\"tokenizable\":false,\"consentStatus\":\"CONSENT_NOT_REQUIRED\",\"consentDate\":null,\"deletionDate\":null,\"whoAgreedId\":null,\"agreementURL\":null,\"parameters\":[{\"id\":\"Telephone\",\"name\":{\"en\":\"Phone\",\"es\":\"Telefono\"},\"type\":\"STR\",\"value\":\"5591542420\"}]}]', '2022-07-19 00:00:00', '2022-07-19 00:00:00', 'EXITO'),
('7655bb88-361e-4515-b4e6-d2a3d86e61a3', '756570bb-54e8-4cfc-a32c-7e55a6fccc68', 'PaymentMethodGet', 'ValidaCuentaCloudBlue', '<?xml version=\"1.0\" encoding=\"UTF-8\"?><methodCall><methodName>Execute</methodName><params><param><value><struct><member><name>Server</name><value>FSTELMEX</value></member><member><name>Method</name><value>PaymentMethodGet_API</value></member><member><name>Params</name><value><array><data><value>5591542420</value><value>1</value></data></array></value></member></struct></value></param></params></methodCall>', '<?xml version=\"1.0\" encoding=\"UTF-8\"?><methodResponse><params><param><value><struct><member><name>Result</name><value><array><data><value><array><data><value><i4>13343</i4></value><value><i4>140</i4></value><value><i4>1</i4></value><value><i4>1014453</i4></value><value><i4>1</i4></value><value><i4>1</i4></value></data></array></value></data></array></value></member></struct></value></param></params></methodResponse>', '2022-07-19 00:00:00', '2022-07-19 00:00:00', 'EXITO'),
('769aaec5-d1d4-4af2-b0cb-c639caff5ded', 'e26f2543-5093-4c48-8514-27930da8eb16', 'plmProductIdent', 'ContrataProdMicrosoftCloudBlue', 'https://cp.cloud.lab.telmex.com/aps/2/resources?implementing(http://com.odin.platform/inhouse-products/pdiProduct/1.0),eq(resourceTypeId,1009350)', '[{\"mpn\":\"CFQ7TTC0LH18:0001\",\"name\":{\"en_US\":\"Microsoft 365 Business Basic\",\"es_ES\":\"Microsoft 365 Negocio Basico\"},\"appId\":\"PRD-814-505-018\",\"status\":\"DRAFT\",\"vendor\":{\"id\":\"VA-888-104\",\"name\":\"Microsoft\"},\"priceType\":\"SETUP_FEE\",\"apsAppUUID\":\"367d2b2b-d068-4580-ab9f-bcdfdb18497f\",\"description\":{\"en_US\":\"Includes web-based Office, professional email, cloud storage, and online meetings & chat.\",\"es_ES\":\"Office en l√≠nea, correo profesional, reuniones en l√≠nea, colaboraci√≥n y almacenamiento en la nube.\"},\"itemPeriods\":[{\"mpn\":\"CFQ7TTC0LH18:0001_P1Y:Monthly\",\"itemId\":\"PRD-814-505-018-0149\",\"isTrial\":false,\"billingPeriod\":1,\"billingPeriodType\":\"month\",\"subscriptionPeriod\":1,\"subscriptionPeriodType\":\"year\"},{\"mpn\":\"CFQ7TTC0LH18:0001_P1Y:Annual\",\"itemId\":\"PRD-814-505-018-0038\",\"isTrial\":false,\"billingPeriod\":1,\"billingPeriodType\":\"year\",\"subscriptionPeriod\":1,\"subscriptionPeriodType\":\"year\"},{\"mpn\":\"CFQ7TTC0LH18:0001_P1M:Monthly\",\"itemId\":\"PRD-814-505-018-0039\",\"isTrial\":false,\"billingPeriod\":1,\"billingPeriodType\":\"month\",\"subscriptionPeriod\":1,\"subscriptionPeriodType\":\"month\"}],\"maxQuantity\":1.0,\"measureUnit\":\"License\",\"minQuantity\":0.0,\"creationDate\":\"2022-05-21T10:51:35.091832Z\",\"resourceTypeId\":1009350,\"consumptionType\":\"Unspecified\",\"appCustomIconUrl\":\"https://api.connect.cloud.im/media/VA-888-104/PRD-814-505-018/media/PRD-814-505-018-logo_sM6K2mA.png\",\"resourceCategoryId\":1024,\"isQuantifiableProduct\":false,\"productCreateNotificationId\":\"-1\",\"aps\":{\"modified\":\"2022-07-06T16:34:35Z\",\"id\":\"e5396baf-5d32-406e-aada-a22c2e6950db\",\"subscription\":\"544908c4-a194-470f-ae4c-bf1b9b3713c6\",\"type\":\"http://com.odin.platform/inhouse-products/pdiProduct/1.0\",\"status\":\"aps:ready\",\"revision\":8}}]', '2022-07-19 00:00:00', '2022-07-19 00:00:00', 'EXITO'),
('78b8235d-82e6-47f1-8d88-d02ee0e5cb53', '9a2afc8f-fac8-4116-a43d-e3e738596347', 'identofyServicePlan', 'ContrataProdMicrosoftCloudBlue', 'https://cp.cloud.lab.telmex.com/aps/2/collections/service-plans?eq(planId,3929),select(resources)', '[{\"name\":{\"de_DE\":\"Microsoft 365 Business Basic (NCE COM MTH)\",\"en_US\":\"Microsoft 365 Business Basic (NCE COM MTH)\",\"es_ES\":\"Microsoft 365 Business Basic (NCE COM MTH)\",\"fr_FR\":\"Microsoft 365 Business Basic (NCE COM MTH)\",\"it_IT\":\"Microsoft 365 Business Basic (NCE COM MTH)\",\"nl_NL\":\"Microsoft 365 Business Basic (NCE COM MTH)\",\"pt_BR\":\"Microsoft 365 Business Basic (NCE COM MTH)\",\"pt_PT\":\"Microsoft 365 Business Basic (NCE COM MTH)\",\"tr_TR\":\"Microsoft 365 Business Basic (NCE COM MTH)\"},\"planId\":3929,\"publication\":{\"published\":true},\"billingTerms\":{\"model\":\"CHARGE_BEFORE_BILLING_PERIOD\",\"period\":{\"unit\":\"MONTHS\",\"duration\":1},\"autorenewal\":{\"days\":2,\"type\":\"BEFORE_EXPIRATION_DATE\"},\"recurringPricesEvery\":\"BILLING_PERIOD\"},\"resourceRates\":[{\"fees\":{\"setup\":{\"price\":{\"code\":\"MXN\",\"value\":\"0.0\"},\"description\":{\"en_US\":\"Microsoft 365 Business Basic Setup\",\"es_ES\":\"Microsoft 365 Negocio Basico Setup\"},\"chargePerUnit\":true,\"showZeroPrice\":false},\"overuse\":{\"price\":{\"code\":\"MXN\",\"value\":\"0.0\"},\"description\":{\"en_US\":\"Microsoft 365 Business Basic Overusage\",\"es_ES\":\"Microsoft 365 Negocio Basico Overusage\"},\"showZeroPrice\":false},\"recurring\":{\"price\":{\"code\":\"MXN\",\"value\":\"125.0\"},\"description\":{\"en_US\":\"Microsoft 365 Business Basic Recurring\",\"es_ES\":\"Microsoft 365 Negocio Basico Recurring\"},\"chargePerUnit\":true,\"showZeroPrice\":false},\"setupPriceModel\":\"FLAT\",\"overusePriceModel\":\"FLAT\",\"recurringPriceModel\":\"FLAT\"},\"units\":{\"max\":300.0,\"min\":1.0,\"included\":0.0},\"display\":{\"type\":\"DEFAULT\"},\"published\":true,\"measurable\":false,\"resourceId\":\"d53231de-372a-4017-9444-c30d943b3137\",\"sortNumber\":999,\"publication\":{\"store\":{\"priceText\":{\"en_US\":\"\"},\"description\":{\"en_US\":\"\"}}},\"showInStore\":true,\"modifyInTrial\":false,\"showInCustomerPanel\":true}],\"longDescription\":{\"de_DE\":\"Includes web-based Office, professional email, cloud storage, and online meetings & chat.\",\"en_US\":\"Includes web-based Office, professional email, cloud storage, and online meetings & chat.\",\"es_ES\":\"Office en l√≠nea', '2022-07-20 00:00:00', '2022-07-20 00:00:00', 'EXITO'),
('79d7e01e-2082-4669-9652-e8b87aa1d3ed', '3316710d-96b0-46c3-808b-d42f707b6d45', 'PaymentMethodGet', 'ValidaCuentaCloudBlue', '<?xml version=\"1.0\" encoding=\"UTF-8\"?><methodCall><methodName>Execute</methodName><params><param><value><struct><member><name>Server</name><value>FSTELMEX</value></member><member><name>Method</name><value>PaymentMethodGet_API</value></member><member><name>Params</name><value><array><data><value>6461201506</value><value>1000115</value></data></array></value></member></struct></value></param></params></methodCall>', '<?xml version=\"1.0\" encoding=\"UTF-8\"?><methodResponse><params><param><value><struct><member><name>Result</name><value><array><data><value><array><data><value><i4>8140</i4></value><value><i4>130</i4></value><value><i4>1000115</i4></value><value><i4>1008550</i4></value><value><i4>1</i4></value><value><i4>1</i4></value></data></array></value></data></array></value></member></struct></value></param></params></methodResponse>', '2022-07-11 00:00:00', '2022-07-11 00:00:00', 'EXITO'),
('7a3942bf-2470-4629-91b8-08d87484fc1c', 'b428a499-e667-4455-ac2d-0589cbbbaff3', 'IdentifyPaymentMethod', 'ValidaCuentaCloudBlue', 'https://cp.cloud.lab.telmex.com/aps/2/services/payment-method-manager/paymentMethods?accountId=8967140e-5da3-45be-9865-802b94f93d8f', '[{\"id\":13343,\"paymentSystemId\":\"Receipt Account Telmex Bill\",\"paymentSystem\":\"CUENTA MAESTRA\",\"ownerAccountId\":\"8967140e-5da3-45be-9865-802b94f93d8f\",\"number\":\"5591542420\",\"name\":\"CUENTA MAESTRA 5591542420\",\"type\":\"CUSTOM\",\"perCustomer\":true,\"status\":\"ACTIVE\",\"ratified\":\"NOT_REQUIRED\",\"defaultMethod\":true,\"tokenizable\":false,\"consentStatus\":\"CONSENT_NOT_REQUIRED\",\"consentDate\":null,\"deletionDate\":null,\"whoAgreedId\":null,\"agreementURL\":null,\"parameters\":[{\"id\":\"Telephone\",\"name\":{\"en\":\"Phone\",\"es\":\"Telefono\"},\"type\":\"STR\",\"value\":\"5591542420\"}]}]', '2022-07-11 00:00:00', '2022-07-11 00:00:00', 'EXITO'),
('81b88da8-7f1f-4cea-83fb-df7810d9a2f6', '8f34449b-f028-4a1a-9a8e-824d7bac310e', 'PaymentMethodGet', 'ValidaCuentaCloudBlue', '<?xml version=\"1.0\" encoding=\"UTF-8\"?><methodCall><methodName>Execute</methodName><params><param><value><struct><member><name>Server</name><value>FSTELMEX</value></member><member><name>Method</name><value>PaymentMethodGet_API</value></member><member><name>Params</name><value><array><data><value>5591542420</value><value>1</value></data></array></value></member></struct></value></param></params></methodCall>', '<?xml version=\"1.0\" encoding=\"UTF-8\"?><methodResponse><params><param><value><struct><member><name>Result</name><value><array><data><value><array><data><value><i4>13343</i4></value><value><i4>140</i4></value><value><i4>1</i4></value><value><i4>1014453</i4></value><value><i4>1</i4></value><value><i4>1</i4></value></data></array></value></data></array></value></member></struct></value></param></params></methodResponse>', '2022-07-11 00:00:00', '2022-07-11 00:00:00', 'EXITO'),
('8522ef91-05e4-42c6-855b-a4bf71e72bda', '4d5a197b-88c9-4d14-98bd-cf0e1e7b8ea7', 'PaymentMethodGet', 'ValidaCuentaCloudBlue', '<?xml version=\"1.0\" encoding=\"UTF-8\"?><methodCall><methodName>Execute</methodName><params><param><value><struct><member><name>Server</name><value>FSTELMEX</value></member><member><name>Method</name><value>PaymentMethodGet_API</value></member><member><name>Params</name><value><array><data><value>5591542420</value><value>1</value></data></array></value></member></struct></value></param></params></methodCall>', '<?xml version=\"1.0\" encoding=\"UTF-8\"?><methodResponse><params><param><value><struct><member><name>Result</name><value><array><data><value><array><data><value><i4>13343</i4></value><value><i4>140</i4></value><value><i4>1</i4></value><value><i4>1014453</i4></value><value><i4>1</i4></value><value><i4>1</i4></value></data></array></value></data></array></value></member></struct></value></param></params></methodResponse>', '2022-07-19 00:00:00', '2022-07-19 00:00:00', 'EXITO'),
('86e4ef3c-2d7c-4174-a70b-2fd441c15e8e', 'a95b5166-dcb4-4d53-a85d-9ee7955f5ae1', 'identofyServicePlan', 'ContrataProdMicrosoftCloudBlue', 'https://cp.cloud.lab.telmex.com/aps/2/collections/service-plans?eq(planId,3929),select(resources)', '[{\"name\":{\"de_DE\":\"Microsoft 365 Business Basic (NCE COM MTH)\",\"en_US\":\"Microsoft 365 Business Basic (NCE COM MTH)\",\"es_ES\":\"Microsoft 365 Business Basic (NCE COM MTH)\",\"fr_FR\":\"Microsoft 365 Business Basic (NCE COM MTH)\",\"it_IT\":\"Microsoft 365 Business Basic (NCE COM MTH)\",\"nl_NL\":\"Microsoft 365 Business Basic (NCE COM MTH)\",\"pt_BR\":\"Microsoft 365 Business Basic (NCE COM MTH)\",\"pt_PT\":\"Microsoft 365 Business Basic (NCE COM MTH)\",\"tr_TR\":\"Microsoft 365 Business Basic (NCE COM MTH)\"},\"planId\":3929,\"publication\":{\"published\":true},\"billingTerms\":{\"model\":\"CHARGE_BEFORE_BILLING_PERIOD\",\"period\":{\"unit\":\"MONTHS\",\"duration\":1},\"autorenewal\":{\"days\":2,\"type\":\"BEFORE_EXPIRATION_DATE\"},\"recurringPricesEvery\":\"BILLING_PERIOD\"},\"resourceRates\":[{\"fees\":{\"setup\":{\"price\":{\"code\":\"MXN\",\"value\":\"0.0\"},\"description\":{\"en_US\":\"Microsoft 365 Business Basic Setup\",\"es_ES\":\"Microsoft 365 Negocio Basico Setup\"},\"chargePerUnit\":true,\"showZeroPrice\":false},\"overuse\":{\"price\":{\"code\":\"MXN\",\"value\":\"0.0\"},\"description\":{\"en_US\":\"Microsoft 365 Business Basic Overusage\",\"es_ES\":\"Microsoft 365 Negocio Basico Overusage\"},\"showZeroPrice\":false},\"recurring\":{\"price\":{\"code\":\"MXN\",\"value\":\"125.0\"},\"description\":{\"en_US\":\"Microsoft 365 Business Basic Recurring\",\"es_ES\":\"Microsoft 365 Negocio Basico Recurring\"},\"chargePerUnit\":true,\"showZeroPrice\":false},\"setupPriceModel\":\"FLAT\",\"overusePriceModel\":\"FLAT\",\"recurringPriceModel\":\"FLAT\"},\"units\":{\"max\":300.0,\"min\":1.0,\"included\":0.0},\"display\":{\"type\":\"DEFAULT\"},\"published\":true,\"measurable\":false,\"resourceId\":\"d53231de-372a-4017-9444-c30d943b3137\",\"sortNumber\":999,\"publication\":{\"store\":{\"priceText\":{\"en_US\":\"\"},\"description\":{\"en_US\":\"\"}}},\"showInStore\":true,\"modifyInTrial\":false,\"showInCustomerPanel\":true}],\"longDescription\":{\"de_DE\":\"Includes web-based Office, professional email, cloud storage, and online meetings & chat.\",\"en_US\":\"Includes web-based Office, professional email, cloud storage, and online meetings & chat.\",\"es_ES\":\"Office en l√≠nea', '2022-07-19 00:00:00', '2022-07-19 00:00:00', 'EXITO'),
('8a86ac75-b8cb-40c3-9e1b-40b83e6499ac', 'a6b8aa50-8e58-4f5c-921f-aba76cbb06dc', 'PaymentMethodGet', 'ValidaCuentaCloudBlue', '<?xml version=\"1.0\" encoding=\"UTF-8\"?><methodCall><methodName>Execute</methodName><params><param><value><struct><member><name>Server</name><value>FSTELMEX</value></member><member><name>Method</name><value>PaymentMethodGet_API</value></member><member><name>Params</name><value><array><data><value>5591542420</value><value>1</value></data></array></value></member></struct></value></param></params></methodCall>', '<?xml version=\"1.0\" encoding=\"UTF-8\"?><methodResponse><params><param><value><struct><member><name>Result</name><value><array><data><value><array><data><value><i4>13343</i4></value><value><i4>140</i4></value><value><i4>1</i4></value><value><i4>1014453</i4></value><value><i4>1</i4></value><value><i4>1</i4></value></data></array></value></data></array></value></member></struct></value></param></params></methodResponse>', '2022-07-11 00:00:00', '2022-07-11 00:00:00', 'EXITO'),
('8ac3fc1a-f297-46d3-bd8c-caef111b3ea5', '128e0ffa-f446-45b9-afed-23d5cae621cf', 'PaymentMethodGet', 'ValidaCuentaCloudBlue', '<?xml version=\"1.0\" encoding=\"UTF-8\"?><methodCall><methodName>Execute</methodName><params><param><value><struct><member><name>Server</name><value>FSTELMEX</value></member><member><name>Method</name><value>PaymentMethodGet_API</value></member><member><name>Params</name><value><array><data><value>5591542420</value><value>1</value></data></array></value></member></struct></value></param></params></methodCall>', '<?xml version=\"1.0\" encoding=\"UTF-8\"?><methodResponse><params><param><value><struct><member><name>Result</name><value><array><data><value><array><data><value><i4>13343</i4></value><value><i4>140</i4></value><value><i4>1</i4></value><value><i4>1014453</i4></value><value><i4>1</i4></value><value><i4>1</i4></value></data></array></value></data></array></value></member></struct></value></param></params></methodResponse>', '2022-07-19 00:00:00', '2022-07-19 00:00:00', 'EXITO'),
('8e7cf4bc-15dd-4d86-80cd-f3e0b6855f8c', 'a4a4ad17-6383-4a06-8d32-b23828ecff52', 'salesOrder', 'ContrataProdMicrosoftCloudBlue', '{\"type\":\"SALES\",\"accountId\":\"8967140e-5da3-45be-9865-802b94f93d8f\",\"paymentMethodId\":\"13343\",\"products\":[{\"parameters\":[{\"aps\":{\"type\":\"http://aps-standard.org/inhouse-products/tenant/1.0\",\"revision\":0},\"activationParameters\":[{\"key\":\"tenant_preference\",\"value\":\"new\"},{\"key\":\"microsoft_domain\",\"value\":\"testPBA001.onmicrosoft\"},{\"key\":\"partner_on_record_attestation_accepted\",\"structured_value\":{\"attestation_accepted\":true}},{\"key\":\"mca_acceptance\",\"value\":\"yes\"},{\"key\":\"agreement_date\",\"value\":\"07-19-2022\"},{\"key\":\"first_name_agreement\",\"value\":\"Baldovinos\"},{\"key\":\"last_name_agreement\",\"value\":\"Gardunio\"},{\"key\":\"email_address_agreement\",\"value\":\"ariveraa@globalhitss.com\"},{\"key\":\"effective_address\",\"value\":\"MIRA FLORES 005 SAN PEDRO DE LOS PINOS\"},{\"key\":\"effective_city\",\"value\":\"CIUDAD DE MEXICO\"},{\"key\":\"effective_state\",\"value\":\"DF\"},{\"key\":\"effective_postal_code\",\"value\":\"03800\"},{\"key\":\"effective_country\",\"value\":\"mx\"},{\"key\":\"customer_company_name\",\"value\":\"Hitss CIA\"},{\"key\":\"customer_email\",\"value\":\"ariveraa@globalhitss.com\"},{\"key\":\"special_qualifications\",\"value\":\"None\"},{\"key\":\"effective_phonenumber\",\"value\":\"5591542420\"},{\"key\":\"offer_attestation\",\"structured_value\":{\"attestation_accepted\":false}}]}],\"planId\":\"f025bbca-1724-42fb-beb3-507e3c8c352f\",\"period\":{\"unit\":\"MONTHS\",\"duration\":1},\"resources\":[{\"resourceId\":\"d53231de-372a-4017-9444-c30d943b3137\",\"amount\":1}]}],\"acceptedTerms\":[\"1\"]}', '{\"orderId\":\"b64d1092-b283-4be3-a274-05e3adc50b80\",\"paymentCreationResult\":{\"paymentId\":634539}}', '2022-07-19 00:00:00', '2022-07-19 00:00:00', 'EXITO'),
('9731afea-90ad-41c7-a152-46481643967f', '9a2afc8f-fac8-4116-a43d-e3e738596347', 'validateParameter', 'ContrataProdMicrosoftCloudBlue', 'com.hitss.apisodin.dto.ValidateActivationParametersRequest@7c9fdcd3', NULL, '2022-07-20 00:00:00', NULL, NULL),
('9a6ddf16-8890-45fb-b625-a52f2c3311d2', 'b428a499-e667-4455-ac2d-0589cbbbaff3', 'PaymentMethodGet', 'ValidaCuentaCloudBlue', '<?xml version=\"1.0\" encoding=\"UTF-8\"?><methodCall><methodName>Execute</methodName><params><param><value><struct><member><name>Server</name><value>FSTELMEX</value></member><member><name>Method</name><value>PaymentMethodGet_API</value></member><member><name>Params</name><value><array><data><value>5591542420</value><value>1</value></data></array></value></member></struct></value></param></params></methodCall>', '<?xml version=\"1.0\" encoding=\"UTF-8\"?><methodResponse><params><param><value><struct><member><name>Result</name><value><array><data><value><array><data><value><i4>13343</i4></value><value><i4>140</i4></value><value><i4>1</i4></value><value><i4>1014453</i4></value><value><i4>1</i4></value><value><i4>1</i4></value></data></array></value></data></array></value></member></struct></value></param></params></methodResponse>', '2022-07-11 00:00:00', '2022-07-11 00:00:00', 'EXITO'),
('9c94701c-4d57-455d-aaa6-f44367c7d017', '4c64ddd4-0a50-4039-b6a1-76b7f1c8188a', 'IdentifyPaymentMethod', 'ValidaCuentaCloudBlue', 'https://cp.cloud.lab.telmex.com/aps/2/services/payment-method-manager/paymentMethods?accountId=8af502d6-9971-4a80-8be0-8847fc9e0235', '[{\"id\":8140,\"paymentSystemId\":\"Master Account Telnor Bill\",\"paymentSystem\":\"Master Account Telnor Bill\",\"ownerAccountId\":\"8af502d6-9971-4a80-8be0-8847fc9e0235\",\"number\":\"6461201506\",\"name\":\"Master Account Telnor Bill 6461201506\",\"type\":\"CUSTOM\",\"perCustomer\":true,\"status\":\"ACTIVE\",\"ratified\":\"NOT_REQUIRED\",\"defaultMethod\":true,\"tokenizable\":false,\"consentStatus\":\"CONSENT_NOT_REQUIRED\",\"consentDate\":null,\"deletionDate\":null,\"whoAgreedId\":null,\"agreementURL\":null,\"parameters\":[{\"id\":\"Telephone\",\"name\":{\"en\":\"Phone\",\"es\":\"Telefono\"},\"type\":\"STR\",\"value\":\"6461201506\"}]}]', '2022-07-11 00:00:00', '2022-07-11 00:00:00', 'EXITO'),
('9e04f191-2fed-4c4b-8772-0a2a80b6cff3', '756570bb-54e8-4cfc-a32c-7e55a6fccc68', 'SearchCustomerAccount', 'ValidaCuentaCloudBlue', 'https://cp.cloud.lab.telmex.com/aps/2/collections/bss-accounts?eq(accountId,1014453)&select(paAccount)', '[{\"status\":\"ACTIVE\",\"localeId\":\"en\",\"accountId\":1014453,\"taxStatus\":\"COMPANY\",\"taxZoneId\":\"Default\",\"creditTerm\":{\"duePeriod\":45,\"holdPeriod\":30},\"taxRegIdStatus\":\"NOT_VERIFIED\",\"fullyRegistered\":true,\"accountCurrencyCode\":\"MXN\",\"externalARManagement\":false,\"aps\":{\"modified\":\"2021-04-30T13:33:58Z\",\"id\":\"b6a985ce-b431-4a63-bfbf-d943fbeaf093\",\"type\":\"http://parallels.com/pa/bss-account-info/1.0\",\"status\":\"aps:ready\",\"revision\":2},\"paAccount\":{\"id\":1014453,\"type\":\"CLIENT\",\"locked\":false,\"personal\":false,\"companyName\":\"Hitss CIA\",\"techContact\":{\"email\":\"ariveraa@globalhitss.com\",\"locale\":\"en_US\",\"telFax\":\"\",\"telVoice\":\"52#55#91542420#\",\"givenName\":\"Baldovinos\",\"familyName\":\"Gardunio\",\"middleName\":\"Rodolfo\",\"organizationName\":\"\"},\"adminContact\":{\"email\":\"ariveraa@globalhitss.com\",\"locale\":\"en_US\",\"telFax\":\"\",\"telVoice\":\"52#55#91542420#\",\"givenName\":\"Baldovinos\",\"familyName\":\"Gardunio\",\"middleName\":\"Rodolfo\",\"organizationName\":\"\"},\"addressPostal\":{\"region\":\"CIUDAD DE MEXICO\",\"locality\":\"MEXICO\",\"postalCode\":\"03800\",\"countryName\":\"mx\",\"streetAddress\":\"MIRA FLORES, 0000005\",\"extendedAddress\":\"SAN PEDRO DE LOS PINOS\"},\"billingContact\":{\"email\":\"ariveraa@globalhitss.com\",\"locale\":\"en_US\",\"telFax\":\"\",\"telVoice\":\"52#55#91542420#\",\"givenName\":\"Baldovinos\",\"familyName\":\"Gardunio\",\"middleName\":\"Rodolfo\",\"organizationName\":\"\"},\"aps\":{\"modified\":\"2021-04-30T13:32:58Z\",\"id\":\"8967140e-5da3-45be-9865-802b94f93d8f\",\"type\":\"http://parallels.com/aps/types/pa/account/1.2\",\"status\":\"aps:ready\",\"revision\":2}}}]', '2022-07-19 00:00:00', '2022-07-19 00:00:00', 'EXITO'),
('9e8a75d2-e545-451a-81fc-ddcad10a20f3', 'e26f2543-5093-4c48-8514-27930da8eb16', 'validateParameter', 'ContrataProdMicrosoftCloudBlue', 'com.hitss.apisodin.dto.ValidateActivationParametersRequest@25fe58e9', NULL, '2022-07-19 00:00:00', NULL, NULL),
('9ee4a870-d2a8-471f-ac1f-d5545f091e54', '9f06fc7f-6843-4ae5-9016-51f2775b424a', 'PaymentMethodGet', 'ValidaCuentaCloudBlue', '<?xml version=\"1.0\" encoding=\"UTF-8\"?><methodCall><methodName>Execute</methodName><params><param><value><struct><member><name>Server</name><value>FSTELMEX</value></member><member><name>Method</name><value>PaymentMethodGet_API</value></member><member><name>Params</name><value><array><data><value>6461201506</value><value>1000115</value></data></array></value></member></struct></value></param></params></methodCall>', '<?xml version=\"1.0\" encoding=\"UTF-8\"?><methodResponse><params><param><value><struct><member><name>Result</name><value><array><data><value><array><data><value><i4>8140</i4></value><value><i4>130</i4></value><value><i4>1000115</i4></value><value><i4>1008550</i4></value><value><i4>1</i4></value><value><i4>1</i4></value></data></array></value></data></array></value></member></struct></value></param></params></methodResponse>', '2022-07-11 00:00:00', '2022-07-11 00:00:00', 'EXITO'),
('a5e90957-a2e4-4f37-bdb4-8142e4baf8f9', '4d5a197b-88c9-4d14-98bd-cf0e1e7b8ea7', 'SearchCustomerAccount', 'ValidaCuentaCloudBlue', 'https://cp.cloud.lab.telmex.com/aps/2/collections/bss-accounts?eq(accountId,1014453)&select(paAccount)', '[{\"status\":\"ACTIVE\",\"localeId\":\"en\",\"accountId\":1014453,\"taxStatus\":\"COMPANY\",\"taxZoneId\":\"Default\",\"creditTerm\":{\"duePeriod\":45,\"holdPeriod\":30},\"taxRegIdStatus\":\"NOT_VERIFIED\",\"fullyRegistered\":true,\"accountCurrencyCode\":\"MXN\",\"externalARManagement\":false,\"aps\":{\"modified\":\"2021-04-30T13:33:58Z\",\"id\":\"b6a985ce-b431-4a63-bfbf-d943fbeaf093\",\"type\":\"http://parallels.com/pa/bss-account-info/1.0\",\"status\":\"aps:ready\",\"revision\":2},\"paAccount\":{\"id\":1014453,\"type\":\"CLIENT\",\"locked\":false,\"personal\":false,\"companyName\":\"Hitss CIA\",\"techContact\":{\"email\":\"ariveraa@globalhitss.com\",\"locale\":\"en_US\",\"telFax\":\"\",\"telVoice\":\"52#55#91542420#\",\"givenName\":\"Baldovinos\",\"familyName\":\"Gardunio\",\"middleName\":\"Rodolfo\",\"organizationName\":\"\"},\"adminContact\":{\"email\":\"ariveraa@globalhitss.com\",\"locale\":\"en_US\",\"telFax\":\"\",\"telVoice\":\"52#55#91542420#\",\"givenName\":\"Baldovinos\",\"familyName\":\"Gardunio\",\"middleName\":\"Rodolfo\",\"organizationName\":\"\"},\"addressPostal\":{\"region\":\"CIUDAD DE MEXICO\",\"locality\":\"MEXICO\",\"postalCode\":\"03800\",\"countryName\":\"mx\",\"streetAddress\":\"MIRA FLORES, 0000005\",\"extendedAddress\":\"SAN PEDRO DE LOS PINOS\"},\"billingContact\":{\"email\":\"ariveraa@globalhitss.com\",\"locale\":\"en_US\",\"telFax\":\"\",\"telVoice\":\"52#55#91542420#\",\"givenName\":\"Baldovinos\",\"familyName\":\"Gardunio\",\"middleName\":\"Rodolfo\",\"organizationName\":\"\"},\"aps\":{\"modified\":\"2021-04-30T13:32:58Z\",\"id\":\"8967140e-5da3-45be-9865-802b94f93d8f\",\"type\":\"http://parallels.com/aps/types/pa/account/1.2\",\"status\":\"aps:ready\",\"revision\":2}}}]', '2022-07-19 00:00:00', '2022-07-19 00:00:00', 'EXITO'),
('a5fe2876-a5af-4d32-baf1-c4ef20f66faf', '2c3c30ca-fa76-428e-a4b9-b58f1dbafeeb', 'PaymentMethodGet', 'ValidaCuentaCloudBlue', '<?xml version=\"1.0\" encoding=\"UTF-8\"?><methodCall><methodName>Execute</methodName><params><param><value><struct><member><name>Server</name><value>FSTELMEX</value></member><member><name>Method</name><value>PaymentMethodGet_API</value></member><member><name>Params</name><value><array><data><value>5591542421</value><value>1</value></data></array></value></member></struct></value></param></params></methodCall>', '<?xml version=\"1.0\" encoding=\"UTF-8\"?><methodResponse><fault><value><struct><member><name>faultCode</name><value><i4>-1</i4></value></member><member><name>faultString</name><value><string>UGF5bWVudCBtZXRob2QgZm9yIHBob25lIG51bWJlciAnNTU5MTU0MjQyMScgaXMgbm90IGZvdW5kLiAKRXJyb3IgQ29kZTogMHgzODJlOTVmZi4KUmVwb3J0IElEOiA1NTI3OTU0Cg==</string></value></member></struct></value></fault></methodResponse>', '2022-07-22 00:00:00', '2022-07-22 00:00:00', 'Payment method for phone number \'5591542421\' is not found. \r\nError Code: 0x382e95ff.\r\nReport ID: 5527954\r\n'),
('a8c6b0a8-681a-47a0-9aae-7ca2027a0acf', '8f34449b-f028-4a1a-9a8e-824d7bac310e', 'SearchCustomerAccount', 'ValidaCuentaCloudBlue', 'https://cp.cloud.lab.telmex.com/aps/2/collections/bss-accounts?eq(accountId,1014453)&select(paAccount)', '[{\"status\":\"ACTIVE\",\"localeId\":\"en\",\"accountId\":1014453,\"taxStatus\":\"COMPANY\",\"taxZoneId\":\"Default\",\"creditTerm\":{\"duePeriod\":45,\"holdPeriod\":30},\"taxRegIdStatus\":\"NOT_VERIFIED\",\"fullyRegistered\":true,\"accountCurrencyCode\":\"MXN\",\"externalARManagement\":false,\"aps\":{\"modified\":\"2021-04-30T13:33:58Z\",\"id\":\"b6a985ce-b431-4a63-bfbf-d943fbeaf093\",\"type\":\"http://parallels.com/pa/bss-account-info/1.0\",\"status\":\"aps:ready\",\"revision\":2},\"paAccount\":{\"id\":1014453,\"type\":\"CLIENT\",\"locked\":false,\"personal\":false,\"companyName\":\"Hitss CIA\",\"techContact\":{\"email\":\"ariveraa@globalhitss.com\",\"locale\":\"en_US\",\"telFax\":\"\",\"telVoice\":\"52#55#91542420#\",\"givenName\":\"Baldovinos\",\"familyName\":\"Gardunio\",\"middleName\":\"Rodolfo\",\"organizationName\":\"\"},\"adminContact\":{\"email\":\"ariveraa@globalhitss.com\",\"locale\":\"en_US\",\"telFax\":\"\",\"telVoice\":\"52#55#91542420#\",\"givenName\":\"Baldovinos\",\"familyName\":\"Gardunio\",\"middleName\":\"Rodolfo\",\"organizationName\":\"\"},\"addressPostal\":{\"region\":\"CIUDAD DE MEXICO\",\"locality\":\"MEXICO\",\"postalCode\":\"03800\",\"countryName\":\"mx\",\"streetAddress\":\"MIRA FLORES, 0000005\",\"extendedAddress\":\"SAN PEDRO DE LOS PINOS\"},\"billingContact\":{\"email\":\"ariveraa@globalhitss.com\",\"locale\":\"en_US\",\"telFax\":\"\",\"telVoice\":\"52#55#91542420#\",\"givenName\":\"Baldovinos\",\"familyName\":\"Gardunio\",\"middleName\":\"Rodolfo\",\"organizationName\":\"\"},\"aps\":{\"modified\":\"2021-04-30T13:32:58Z\",\"id\":\"8967140e-5da3-45be-9865-802b94f93d8f\",\"type\":\"http://parallels.com/aps/types/pa/account/1.2\",\"status\":\"aps:ready\",\"revision\":2}}}]', '2022-07-11 00:00:00', '2022-07-11 00:00:00', 'EXITO'),
('b38d9b3c-2896-4cb8-afc3-d2ba22d85480', '7e83593b-d05e-461c-b732-aa1643818dcf', 'identofyServicePlan', 'ContrataProdMicrosoftCloudBlue', 'https://cp.cloud.lab.telmex.com/aps/2/collections/service-plans?eq(planId,3929),select(resources)', '[{\"name\":{\"de_DE\":\"Microsoft 365 Business Basic (NCE COM MTH)\",\"en_US\":\"Microsoft 365 Business Basic (NCE COM MTH)\",\"es_ES\":\"Microsoft 365 Business Basic (NCE COM MTH)\",\"fr_FR\":\"Microsoft 365 Business Basic (NCE COM MTH)\",\"it_IT\":\"Microsoft 365 Business Basic (NCE COM MTH)\",\"nl_NL\":\"Microsoft 365 Business Basic (NCE COM MTH)\",\"pt_BR\":\"Microsoft 365 Business Basic (NCE COM MTH)\",\"pt_PT\":\"Microsoft 365 Business Basic (NCE COM MTH)\",\"tr_TR\":\"Microsoft 365 Business Basic (NCE COM MTH)\"},\"planId\":3929,\"publication\":{\"published\":true},\"billingTerms\":{\"model\":\"CHARGE_BEFORE_BILLING_PERIOD\",\"period\":{\"unit\":\"MONTHS\",\"duration\":1},\"autorenewal\":{\"days\":2,\"type\":\"BEFORE_EXPIRATION_DATE\"},\"recurringPricesEvery\":\"BILLING_PERIOD\"},\"resourceRates\":[{\"fees\":{\"setup\":{\"price\":{\"code\":\"MXN\",\"value\":\"0.0\"},\"description\":{\"en_US\":\"Microsoft 365 Business Basic Setup\",\"es_ES\":\"Microsoft 365 Negocio Basico Setup\"},\"chargePerUnit\":true,\"showZeroPrice\":false},\"overuse\":{\"price\":{\"code\":\"MXN\",\"value\":\"0.0\"},\"description\":{\"en_US\":\"Microsoft 365 Business Basic Overusage\",\"es_ES\":\"Microsoft 365 Negocio Basico Overusage\"},\"showZeroPrice\":false},\"recurring\":{\"price\":{\"code\":\"MXN\",\"value\":\"125.0\"},\"description\":{\"en_US\":\"Microsoft 365 Business Basic Recurring\",\"es_ES\":\"Microsoft 365 Negocio Basico Recurring\"},\"chargePerUnit\":true,\"showZeroPrice\":false},\"setupPriceModel\":\"FLAT\",\"overusePriceModel\":\"FLAT\",\"recurringPriceModel\":\"FLAT\"},\"units\":{\"max\":300.0,\"min\":1.0,\"included\":0.0},\"display\":{\"type\":\"DEFAULT\"},\"published\":true,\"measurable\":false,\"resourceId\":\"d53231de-372a-4017-9444-c30d943b3137\",\"sortNumber\":999,\"publication\":{\"store\":{\"priceText\":{\"en_US\":\"\"},\"description\":{\"en_US\":\"\"}}},\"showInStore\":true,\"modifyInTrial\":false,\"showInCustomerPanel\":true}],\"longDescription\":{\"de_DE\":\"Includes web-based Office, professional email, cloud storage, and online meetings & chat.\",\"en_US\":\"Includes web-based Office, professional email, cloud storage, and online meetings & chat.\",\"es_ES\":\"Office en l√≠nea', '2022-07-11 00:00:00', '2022-07-11 00:00:00', 'EXITO'),
('b4ec2912-8480-4dde-ba35-47e3c1b6102c', 'b62a0933-d7c6-44ea-8af6-5ba95a90513f', 'IdentifyPaymentMethod', 'ValidaCuentaCloudBlue', 'https://cp.cloud.lab.telmex.com/aps/2/services/payment-method-manager/paymentMethods?accountId=8af502d6-9971-4a80-8be0-8847fc9e0235', '[{\"id\":8140,\"paymentSystemId\":\"Master Account Telnor Bill\",\"paymentSystem\":\"Master Account Telnor Bill\",\"ownerAccountId\":\"8af502d6-9971-4a80-8be0-8847fc9e0235\",\"number\":\"6461201506\",\"name\":\"Master Account Telnor Bill 6461201506\",\"type\":\"CUSTOM\",\"perCustomer\":true,\"status\":\"ACTIVE\",\"ratified\":\"NOT_REQUIRED\",\"defaultMethod\":true,\"tokenizable\":false,\"consentStatus\":\"CONSENT_NOT_REQUIRED\",\"consentDate\":null,\"deletionDate\":null,\"whoAgreedId\":null,\"agreementURL\":null,\"parameters\":[{\"id\":\"Telephone\",\"name\":{\"en\":\"Phone\",\"es\":\"Telefono\"},\"type\":\"STR\",\"value\":\"6461201506\"}]}]', '2022-07-11 00:00:00', '2022-07-11 00:00:00', 'EXITO'),
('b9f78065-9480-4642-9726-1f3673b1f560', 'a4a4ad17-6383-4a06-8d32-b23828ecff52', 'plmProductIdent', 'ContrataProdMicrosoftCloudBlue', 'https://cp.cloud.lab.telmex.com/aps/2/resources?implementing(http://com.odin.platform/inhouse-products/pdiProduct/1.0),eq(resourceTypeId,1009350)', '[{\"mpn\":\"CFQ7TTC0LH18:0001\",\"name\":{\"en_US\":\"Microsoft 365 Business Basic\",\"es_ES\":\"Microsoft 365 Negocio Basico\"},\"appId\":\"PRD-814-505-018\",\"status\":\"DRAFT\",\"vendor\":{\"id\":\"VA-888-104\",\"name\":\"Microsoft\"},\"priceType\":\"SETUP_FEE\",\"apsAppUUID\":\"367d2b2b-d068-4580-ab9f-bcdfdb18497f\",\"description\":{\"en_US\":\"Includes web-based Office, professional email, cloud storage, and online meetings & chat.\",\"es_ES\":\"Office en l√≠nea, correo profesional, reuniones en l√≠nea, colaboraci√≥n y almacenamiento en la nube.\"},\"itemPeriods\":[{\"mpn\":\"CFQ7TTC0LH18:0001_P1Y:Monthly\",\"itemId\":\"PRD-814-505-018-0149\",\"isTrial\":false,\"billingPeriod\":1,\"billingPeriodType\":\"month\",\"subscriptionPeriod\":1,\"subscriptionPeriodType\":\"year\"},{\"mpn\":\"CFQ7TTC0LH18:0001_P1Y:Annual\",\"itemId\":\"PRD-814-505-018-0038\",\"isTrial\":false,\"billingPeriod\":1,\"billingPeriodType\":\"year\",\"subscriptionPeriod\":1,\"subscriptionPeriodType\":\"year\"},{\"mpn\":\"CFQ7TTC0LH18:0001_P1M:Monthly\",\"itemId\":\"PRD-814-505-018-0039\",\"isTrial\":false,\"billingPeriod\":1,\"billingPeriodType\":\"month\",\"subscriptionPeriod\":1,\"subscriptionPeriodType\":\"month\"}],\"maxQuantity\":1.0,\"measureUnit\":\"License\",\"minQuantity\":0.0,\"creationDate\":\"2022-05-21T10:51:35.091832Z\",\"resourceTypeId\":1009350,\"consumptionType\":\"Unspecified\",\"appCustomIconUrl\":\"https://api.connect.cloud.im/media/VA-888-104/PRD-814-505-018/media/PRD-814-505-018-logo_sM6K2mA.png\",\"resourceCategoryId\":1024,\"isQuantifiableProduct\":false,\"productCreateNotificationId\":\"-1\",\"aps\":{\"modified\":\"2022-07-06T16:34:35Z\",\"id\":\"e5396baf-5d32-406e-aada-a22c2e6950db\",\"subscription\":\"544908c4-a194-470f-ae4c-bf1b9b3713c6\",\"type\":\"http://com.odin.platform/inhouse-products/pdiProduct/1.0\",\"status\":\"aps:ready\",\"revision\":8}}]', '2022-07-19 00:00:00', '2022-07-19 00:00:00', 'EXITO'),
('bb8875a6-022a-4032-aeb6-02b74cc69a54', '4885105e-d98e-4be3-8f95-ed720edea3aa', 'SearchCustomerAccount', 'ConsultaCuentaCloud', 'CustomerSearchRequest [accountId=1014453]', NULL, '2022-07-19 00:00:00', NULL, NULL),
('bc8d8b10-e53b-4f5d-8ed7-cb4b49aba4a2', '6d3e9bd6-74e0-41a0-9ddb-3f0189e35672', 'IdentifyPaymentMethod', 'ValidaCuentaCloudBlue', 'https://cp.cloud.lab.telmex.com/aps/2/services/payment-method-manager/paymentMethods?accountId=8af502d6-9971-4a80-8be0-8847fc9e0235', '[{\"id\":8140,\"paymentSystemId\":\"Master Account Telnor Bill\",\"paymentSystem\":\"Master Account Telnor Bill\",\"ownerAccountId\":\"8af502d6-9971-4a80-8be0-8847fc9e0235\",\"number\":\"6461201506\",\"name\":\"Master Account Telnor Bill 6461201506\",\"type\":\"CUSTOM\",\"perCustomer\":true,\"status\":\"ACTIVE\",\"ratified\":\"NOT_REQUIRED\",\"defaultMethod\":true,\"tokenizable\":false,\"consentStatus\":\"CONSENT_NOT_REQUIRED\",\"consentDate\":null,\"deletionDate\":null,\"whoAgreedId\":null,\"agreementURL\":null,\"parameters\":[{\"id\":\"Telephone\",\"name\":{\"en\":\"Phone\",\"es\":\"Telefono\"},\"type\":\"STR\",\"value\":\"6461201506\"}]}]', '2022-07-11 00:00:00', '2022-07-11 00:00:00', 'EXITO'),
('bf2ecefe-0168-4c48-aa40-fc63a61700a5', '7e83593b-d05e-461c-b732-aa1643818dcf', 'plmProductIdent', 'ContrataProdMicrosoftCloudBlue', 'https://cp.cloud.lab.telmex.com/aps/2/resources?implementing(http://com.odin.platform/inhouse-products/pdiProduct/1.0),eq(resourceTypeId,1009350)', '[{\"mpn\":\"CFQ7TTC0LH18:0001\",\"name\":{\"en_US\":\"Microsoft 365 Business Basic\",\"es_ES\":\"Microsoft 365 Negocio Basico\"},\"appId\":\"PRD-814-505-018\",\"status\":\"DRAFT\",\"vendor\":{\"id\":\"VA-888-104\",\"name\":\"Microsoft\"},\"priceType\":\"SETUP_FEE\",\"apsAppUUID\":\"367d2b2b-d068-4580-ab9f-bcdfdb18497f\",\"description\":{\"en_US\":\"Includes web-based Office, professional email, cloud storage, and online meetings & chat.\",\"es_ES\":\"Office en l√≠nea, correo profesional, reuniones en l√≠nea, colaboraci√≥n y almacenamiento en la nube.\"},\"itemPeriods\":[{\"mpn\":\"CFQ7TTC0LH18:0001_P1Y:Monthly\",\"itemId\":\"PRD-814-505-018-0149\",\"isTrial\":false,\"billingPeriod\":1,\"billingPeriodType\":\"month\",\"subscriptionPeriod\":1,\"subscriptionPeriodType\":\"year\"},{\"mpn\":\"CFQ7TTC0LH18:0001_P1Y:Annual\",\"itemId\":\"PRD-814-505-018-0038\",\"isTrial\":false,\"billingPeriod\":1,\"billingPeriodType\":\"year\",\"subscriptionPeriod\":1,\"subscriptionPeriodType\":\"year\"},{\"mpn\":\"CFQ7TTC0LH18:0001_P1M:Monthly\",\"itemId\":\"PRD-814-505-018-0039\",\"isTrial\":false,\"billingPeriod\":1,\"billingPeriodType\":\"month\",\"subscriptionPeriod\":1,\"subscriptionPeriodType\":\"month\"}],\"maxQuantity\":1.0,\"measureUnit\":\"License\",\"minQuantity\":0.0,\"creationDate\":\"2022-05-21T10:51:35.091832Z\",\"resourceTypeId\":1009350,\"consumptionType\":\"Unspecified\",\"appCustomIconUrl\":\"https://api.connect.cloud.im/media/VA-888-104/PRD-814-505-018/media/PRD-814-505-018-logo_sM6K2mA.png\",\"resourceCategoryId\":1024,\"isQuantifiableProduct\":false,\"productCreateNotificationId\":\"-1\",\"aps\":{\"modified\":\"2022-07-06T16:34:35Z\",\"id\":\"e5396baf-5d32-406e-aada-a22c2e6950db\",\"subscription\":\"544908c4-a194-470f-ae4c-bf1b9b3713c6\",\"type\":\"http://com.odin.platform/inhouse-products/pdiProduct/1.0\",\"status\":\"aps:ready\",\"revision\":8}}]', '2022-07-11 00:00:00', '2022-07-11 00:00:00', 'EXITO'),
('c2241ce5-dc68-4205-a9af-576224bc7523', 'e8818396-5918-409b-9135-75e06af640e3', 'PaymentMethodGet', 'ValidaCuentaCloudBlue', '<?xml version=\"1.0\" encoding=\"UTF-8\"?><methodCall><methodName>Execute</methodName><params><param><value><struct><member><name>Server</name><value>FSTELMEX</value></member><member><name>Method</name><value>PaymentMethodGet_API</value></member><member><name>Params</name><value><array><data><value>5591542420</value><value>1</value></data></array></value></member></struct></value></param></params></methodCall>', '<?xml version=\"1.0\" encoding=\"UTF-8\"?><methodResponse><params><param><value><struct><member><name>Result</name><value><array><data><value><array><data><value><i4>13343</i4></value><value><i4>140</i4></value><value><i4>1</i4></value><value><i4>1014453</i4></value><value><i4>1</i4></value><value><i4>1</i4></value></data></array></value></data></array></value></member></struct></value></param></params></methodResponse>', '2022-07-19 00:00:00', '2022-07-19 00:00:00', 'EXITO');
INSERT INTO `nce_11_t_det_bitacora` (`ID_DET_BITACORA`, `ID_BITACORA`, `PROVEEDOR`, `NOM_SERVICIO`, `REQUEST`, `RESPONSE`, `FECHA_INI`, `FECHA_FIN`, `MENSAJE_TEC`) VALUES
('c378955f-8f1f-48fe-846a-2bd4f10ffb6d', 'c37c9523-b9e3-4cbf-985e-db124c08e14e', 'validateParameter', 'ContrataProdMicrosoftCloudBlue', 'com.hitss.apisodin.dto.ValidateActivationParametersRequest@4d7e2235', NULL, '2022-07-19 00:00:00', NULL, NULL),
('c411be3b-ea17-4c72-a5de-5a2a4d2f7d30', 'c38ec28e-3d0a-4170-934d-3fc59b480fde', 'SearchCustomerAccount', 'ConsultaCuentaCloud', 'CustomerSearchRequest [accountId=0]', NULL, '2022-07-19 00:00:00', NULL, NULL),
('c568b196-fcaa-4c9b-ab68-b3bf834c8ace', '7ae89659-8d42-4a5a-ac73-b03b6f30b74c', 'SearchCustomerAccount', 'ConsultaCuentaCloud', 'CustomerSearchRequest [accountId=1014453]', NULL, '2022-07-19 00:00:00', NULL, NULL),
('cbd51406-4e99-4708-b3be-533bcf3663f4', 'a95b5166-dcb4-4d53-a85d-9ee7955f5ae1', 'validateParameter', 'ContrataProdMicrosoftCloudBlue', 'com.hitss.apisodin.dto.ValidateActivationParametersRequest@4f555b3', NULL, '2022-07-19 00:00:00', NULL, NULL),
('cc7c7dc8-2a8f-4bcb-a0b3-616b44323891', '7e83593b-d05e-461c-b732-aa1643818dcf', 'salesOrder', 'ContrataProdMicrosoftCloudBlue', '{\"type\":\"SALES\",\"accountId\":\"8967140e-5da3-45be-9865-802b94f93d8f\",\"paymentMethodId\":\"13343\",\"products\":[{\"parameters\":[{\"aps\":{\"type\":\"http://aps-standard.org/inhouse-products/tenant/1.0\",\"revision\":0},\"activationParameters\":[{\"key\":\"tenant_preference\",\"value\":\"new\"},{\"key\":\"microsoft_domain\",\"value\":\"initDomian01.onmicrosoft.com\"},{\"key\":\"partner_on_record_attestation_accepted\",\"structured_value\":{\"attestation_accepted\":true}},{\"key\":\"mca_acceptance\",\"value\":\"yes\"},{\"key\":\"agreement_date\",\"value\":\"07-11-2022\"},{\"key\":\"first_name_agreement\",\"value\":\"Arturo\"},{\"key\":\"last_name_agreement\",\"value\":\"Aguilar R\"},{\"key\":\"email_address_agreement\",\"value\":\"aguilara@globalhitss.com\"},{\"key\":\"effective_address\",\"value\":\"calle numero\"},{\"key\":\"effective_city\",\"value\":\"ciudad 1\"},{\"key\":\"effective_state\",\"value\":\"DF\"},{\"key\":\"effective_postal_code\",\"value\":\"11320\"},{\"key\":\"effective_country\",\"value\":\"mx\"},{\"key\":\"customer_company_name\",\"value\":\"Empresa CCP\"},{\"key\":\"customer_email\",\"value\":\"aguilara@globalhitss.com\"},{\"key\":\"special_qualifications\",\"value\":\"None\"},{\"key\":\"effective_phonenumber\",\"value\":\"5591542420\"},{\"key\":\"offer_attestation\",\"structured_value\":{\"attestation_accepted\":false}}]}],\"planId\":\"f025bbca-1724-42fb-beb3-507e3c8c352f\",\"period\":{\"unit\":\"MONTHS\",\"duration\":1},\"resources\":[{\"resourceId\":\"d53231de-372a-4017-9444-c30d943b3137\",\"amount\":1}]}],\"acceptedTerms\":[\"1\"]}', 'Error al generar la orden :salesOrder', '2022-07-11 00:00:00', '2022-07-11 00:00:00', 'ERROR EN SERVICIO ODIN statusCode:null,err=Read timed out'),
('cd7774ce-40e2-45bc-9882-86e2d9799e18', 'c37c9523-b9e3-4cbf-985e-db124c08e14e', 'plmProductIdent', 'ContrataProdMicrosoftCloudBlue', 'https://cp.cloud.lab.telmex.com/aps/2/resources?implementing(http://com.odin.platform/inhouse-products/pdiProduct/1.0),eq(resourceTypeId,1009350)', '[{\"mpn\":\"CFQ7TTC0LH18:0001\",\"name\":{\"en_US\":\"Microsoft 365 Business Basic\",\"es_ES\":\"Microsoft 365 Negocio Basico\"},\"appId\":\"PRD-814-505-018\",\"status\":\"DRAFT\",\"vendor\":{\"id\":\"VA-888-104\",\"name\":\"Microsoft\"},\"priceType\":\"SETUP_FEE\",\"apsAppUUID\":\"367d2b2b-d068-4580-ab9f-bcdfdb18497f\",\"description\":{\"en_US\":\"Includes web-based Office, professional email, cloud storage, and online meetings & chat.\",\"es_ES\":\"Office en l√≠nea, correo profesional, reuniones en l√≠nea, colaboraci√≥n y almacenamiento en la nube.\"},\"itemPeriods\":[{\"mpn\":\"CFQ7TTC0LH18:0001_P1Y:Monthly\",\"itemId\":\"PRD-814-505-018-0149\",\"isTrial\":false,\"billingPeriod\":1,\"billingPeriodType\":\"month\",\"subscriptionPeriod\":1,\"subscriptionPeriodType\":\"year\"},{\"mpn\":\"CFQ7TTC0LH18:0001_P1Y:Annual\",\"itemId\":\"PRD-814-505-018-0038\",\"isTrial\":false,\"billingPeriod\":1,\"billingPeriodType\":\"year\",\"subscriptionPeriod\":1,\"subscriptionPeriodType\":\"year\"},{\"mpn\":\"CFQ7TTC0LH18:0001_P1M:Monthly\",\"itemId\":\"PRD-814-505-018-0039\",\"isTrial\":false,\"billingPeriod\":1,\"billingPeriodType\":\"month\",\"subscriptionPeriod\":1,\"subscriptionPeriodType\":\"month\"}],\"maxQuantity\":1.0,\"measureUnit\":\"License\",\"minQuantity\":0.0,\"creationDate\":\"2022-05-21T10:51:35.091832Z\",\"resourceTypeId\":1009350,\"consumptionType\":\"Unspecified\",\"appCustomIconUrl\":\"https://api.connect.cloud.im/media/VA-888-104/PRD-814-505-018/media/PRD-814-505-018-logo_sM6K2mA.png\",\"resourceCategoryId\":1024,\"isQuantifiableProduct\":false,\"productCreateNotificationId\":\"-1\",\"aps\":{\"modified\":\"2022-07-06T16:34:35Z\",\"id\":\"e5396baf-5d32-406e-aada-a22c2e6950db\",\"subscription\":\"544908c4-a194-470f-ae4c-bf1b9b3713c6\",\"type\":\"http://com.odin.platform/inhouse-products/pdiProduct/1.0\",\"status\":\"aps:ready\",\"revision\":8}}]', '2022-07-19 00:00:00', '2022-07-19 00:00:00', 'EXITO'),
('d11ba53b-8280-47f2-991a-e32f5456cce4', '8cef7e60-21ff-487b-ac3c-848b8e4c8af3', 'IdentifyPaymentMethod', 'ValidaCuentaCloudBlue', 'https://cp.cloud.lab.telmex.com/aps/2/services/payment-method-manager/paymentMethods?accountId=8967140e-5da3-45be-9865-802b94f93d8f', '[{\"id\":13343,\"paymentSystemId\":\"Receipt Account Telmex Bill\",\"paymentSystem\":\"CUENTA MAESTRA\",\"ownerAccountId\":\"8967140e-5da3-45be-9865-802b94f93d8f\",\"number\":\"5591542420\",\"name\":\"CUENTA MAESTRA 5591542420\",\"type\":\"CUSTOM\",\"perCustomer\":true,\"status\":\"ACTIVE\",\"ratified\":\"NOT_REQUIRED\",\"defaultMethod\":true,\"tokenizable\":false,\"consentStatus\":\"CONSENT_NOT_REQUIRED\",\"consentDate\":null,\"deletionDate\":null,\"whoAgreedId\":null,\"agreementURL\":null,\"parameters\":[{\"id\":\"Telephone\",\"name\":{\"en\":\"Phone\",\"es\":\"Telefono\"},\"type\":\"STR\",\"value\":\"5591542420\"}]}]', '2022-07-19 00:00:00', '2022-07-19 00:00:00', 'EXITO'),
('DB0001', 'B0001', 'ODIN', 'PaymentMethodGet_API', '<?xml version=\"1.0\" encoding=\"UTF-8\"?><methodCall><methodName>Execute</methodName><params><param><value><struct><member><name>Server</name><value>FSTELMEX</value></member><member><name>Method</name><value>PaymentMethodGet_API</value></member><member><name>Params</name><value><array><data><value>5544332211</value><value>1</value></data></array></value></member></struct></value></param></params></methodCall>', '<?xml version=\"1.0\" encoding=\"UTF-8\"?><methodResponse><params><param><value><struct><member><name>Result</name><value><array><data><value><array><data><value><i4>12857</i4></value><value><i4>140</i4></value><value><i4>1</i4></value><value><i4>1013907</i4></value><value><i4>1</i4></value><value><i4>1</i4></value></data></array></value></data></array></value></member></struct></value></param></params></methodResponse>', '2022-06-23 00:00:00', '2022-06-23 00:00:00', 'Exito'),
('DB0002', 'B0001', 'CLOUDBLUE', 'IDENTIFY THE CUSTOMER ACCOUNT', 'https://cp.cloud.lab.telmex.com/aps/2/collections/bss-accounts?eq(accountId,1011566),select(paAccount)', '[\r\n	{\r\n		\"status\": \"ACTIVE\",\r\n		\"localeId\": \"en\",\r\n		\"accountId\": 1011566,\r\n		\"taxStatus\": \"PERSONAL\",\r\n		\"creditTerm\": {\r\n			\"duePeriod\": 45,\r\n			\"holdPeriod\": 30\r\n		},\r\n		\"taxRegIdStatus\": \"NOT_VERIFIED\",\r\n		\"fullyRegistered\": true,\r\n		\"accountCurrencyCode\": \"MXN\",\r\n		\"externalARManagement\": false,\r\n		\"aps\": {\r\n			\"modified\": \"2018-08-06T03:42:12Z\",\r\n			\"id\": \"f088c761-5130-34bd-3bf5-e1142c7f4ea2\",\r\n			\"type\": \"http://parallels.com/pa/bss-account-info/1.0\",\r\n			\"status\": \"aps:ready\",\r\n			\"revision\": 2\r\n		},\r\n		\"paAccount\": {\r\n			\"id\": 1011566,\r\n			\"type\": \"CLIENT\",\r\n			\"locked\": false,\r\n			\"personal\": true,\r\n			\"companyName\": \"Addiel160\",\r\n			\"techContact\": {\r\n				\"email\": \"hernandezaddp@globalhitss.com\",\r\n				\"locale\": \"en_US\",\r\n				\"telFax\": \"\",\r\n				\"telVoice\": \"52#55#12504466#\",\r\n				\"givenName\": \"Miguel\",\r\n				\"familyName\": \"Zarinana\",\r\n				\"middleName\": \"Ruiz\",\r\n				\"organizationName\": \"\"\r\n			},\r\n			\"adminContact\": {\r\n				\"email\": \"hernandezaddp@globalhitss.com\",\r\n				\"locale\": \"en_US\",\r\n				\"telFax\": \"\",\r\n				\"telVoice\": \"52#55#12504466#\",\r\n				\"givenName\": \"Miguel\",\r\n				\"familyName\": \"Zarinana\",\r\n				\"middleName\": \"Ruiz\",\r\n				\"organizationName\": \"\"\r\n			},\r\n			\"addressPostal\": {\r\n				\"region\": \"DF\",\r\n				\"locality\": \"MEXICO\",\r\n				\"postalCode\": \"11320\",\r\n				\"countryName\": \"mx\",\r\n				\"streetAddress\": \"LAGO ALBERTO, 0000320\",\r\n				\"extendedAddress\": \"ANAHUAC II SECCION\"\r\n			},\r\n			\"billingContact\": {\r\n				\"email\": \"hernandezaddp@globalhitss.com\",\r\n				\"locale\": \"en_US\",\r\n				\"telFax\": \"\",\r\n				\"telVoice\": \"52#55#12504466#\",\r\n				\"givenName\": \"Miguel\",\r\n				\"familyName\": \"Zarinana\",\r\n				\"middleName\": \"Ruiz\",\r\n				\"organizationName\": \"\"\r\n			},\r\n			\"aps\": {\r\n				\"modified\": \"2017-11-23T00:07:37Z\",\r\n				\"id\": \"21d8b6c6-d104-400c-a68a-ee3c72ad8c92\",\r\n				\"type\": \"http://parallels.com/aps/types/pa/account/1.2\",\r\n				\"status\": \"aps:ready\",\r\n				\"revision\": 2\r\n			}\r\n		}\r\n	}\r\n]', '2022-06-23 00:00:00', '2022-06-23 00:00:00', 'Exito'),
('DB0003', 'B0001', 'CLOUDBLUE', 'IDENTIFY THE PAYMENT METHOD', 'https://cp.cloud.lab.telmex.com/aps/2/services/payment-method-manager/paymentMethods?accountId=21d8b6c6-d104-400c-a68a-ee3c72ad8c92', '[\r\n	{\r\n		\"id\": 10618,\r\n		\"paymentSystemId\": \"Receipt Account Telmex Bill\",\r\n		\"paymentSystem\": \"CUENTA MAESTRA\",\r\n		\"ownerAccountId\": \"21d8b6c6-d104-400c-a68a-ee3c72ad8c92\",\r\n		\"number\": \"5515461570\",\r\n		\"name\": \"CUENTA MAESTRA 5515461570\",\r\n		\"type\": \"CUSTOM\",\r\n		\"perCustomer\": true,\r\n		\"status\": \"ACTIVE\",\r\n		\"ratified\": \"NOT_REQUIRED\",\r\n		\"defaultMethod\": true,\r\n		\"tokenizable\": false,\r\n		\"consentStatus\": \"CONSENT_NOT_REQUIRED\",\r\n		\"consentDate\": null,\r\n		\"deletionDate\": null,\r\n		\"whoAgreedId\": null,\r\n		\"agreementURL\": null,\r\n		\"parameters\": [\r\n			{\r\n				\"id\": \"Telephone\",\r\n				\"name\": {\r\n					\"en\": \"Phone\",\r\n					\"es\": \"Telefono\"\r\n				},\r\n				\"type\": \"STR\",\r\n				\"value\": \"5515461570\"\r\n			}\r\n		]\r\n	}\r\n]', '2022-06-23 00:00:00', '2022-06-23 00:00:00', 'Exito'),
('DB0004', 'B0002', 'CLOUDBLUE', 'GET SUBSCRIPTION BY ACCOUNT', 'https://cp.cloud.lab.telmex.com/aps/2/collections/bss-subscriptions?eq(account.aps.id,21d8b6c6-d104-400c-a68a-ee3c72ad8c92),eq(servicePlan.planId,3929)', '[\r\n	{\r\n		\"name\": \"Microsoft 365 Business Basic (NCE COM MTH)\",\r\n		\"trial\": false,\r\n		\"status\": \"ACTIVE\",\r\n		\"startDate\": \"2022-06-15\",\r\n		\"serviceGate\": \"PEMGATE\",\r\n		\"billingTerms\": {\r\n			\"autoRenewal\": {\r\n				\"days\": 2,\r\n				\"type\": \"BEFORE_EXPIRATION_DATE\"\r\n			},\r\n			\"billingModel\": \"CHARGE_BEFORE_BILLING_PERIOD\",\r\n			\"freezePrices\": false,\r\n			\"billingPeriod\": {\r\n				\"unit\": \"MONTHS\",\r\n				\"duration\": 1\r\n			}\r\n		},\r\n		\"lastBillDate\": \"2022-06-15\",\r\n		\"nextBillDate\": \"2022-07-15\",\r\n		\"autoRenewDate\": \"2022-07-13\",\r\n		\"serviceStatus\": \"ACTIVE\",\r\n		\"expirationDate\": \"2022-07-15\",\r\n		\"subscriptionId\": 1050339,\r\n		\"autoRenewEnabled\": true,\r\n		\"subscriptionPeriod\": {\r\n			\"unit\": \"MONTHS\",\r\n			\"duration\": 1\r\n		},\r\n		\"aps\": {\r\n			\"modified\": \"2022-06-15T23:37:05Z\",\r\n			\"id\": \"02e3c8d5-be0e-49ae-b4b2-dd61dad5ebed\",\r\n			\"type\": \"http://www.odin.com/billing/Subscription/1.0\",\r\n			\"status\": \"aps:ready\",\r\n			\"revision\": 3\r\n		}\r\n	}\r\n]', '2022-06-23 00:00:00', NULL, NULL),
('DB0005', 'B0003', 'CLOUDBLUE', 'IDENTIFY SERVICE PLAN', 'https://cp.cloud.lab.telmex.com/aps/2/collections/service-plans?eq(planId,3929),select(resources)', '[\r\n	{\r\n		\"name\": {\r\n			\"de_DE\": \"Microsoft 365 Business Basic (NCE COM MTH)\",\r\n			\"en_US\": \"Microsoft 365 Business Basic (NCE COM MTH)\",\r\n			\"es_ES\": \"Microsoft 365 Business Basic (NCE COM MTH)\",\r\n			\"fr_FR\": \"Microsoft 365 Business Basic (NCE COM MTH)\",\r\n			\"it_IT\": \"Microsoft 365 Business Basic (NCE COM MTH)\",\r\n			\"nl_NL\": \"Microsoft 365 Business Basic (NCE COM MTH)\",\r\n			\"pt_BR\": \"Microsoft 365 Business Basic (NCE COM MTH)\",\r\n			\"pt_PT\": \"Microsoft 365 Business Basic (NCE COM MTH)\",\r\n			\"tr_TR\": \"Microsoft 365 Business Basic (NCE COM MTH)\"\r\n		},\r\n		\"planId\": 3929,\r\n		\"publication\": {\r\n			\"published\": true\r\n		},\r\n		\"billingTerms\": {\r\n			\"model\": \"CHARGE_BEFORE_BILLING_PERIOD\",\r\n			\"period\": {\r\n				\"unit\": \"MONTHS\",\r\n				\"duration\": 1\r\n			},\r\n			\"autorenewal\": {\r\n				\"days\": 2,\r\n				\"type\": \"BEFORE_EXPIRATION_DATE\"\r\n			},\r\n			\"recurringPricesEvery\": \"BILLING_PERIOD\"\r\n		},\r\n		\"resourceRates\": [\r\n			{\r\n				\"fees\": {\r\n					\"setup\": {\r\n						\"price\": {\r\n							\"code\": \"MXN\",\r\n							\"value\": \"0.0\"\r\n						},\r\n						\"description\": {\r\n							\"en_US\": \"Microsoft 365 Business Basic Setup\",\r\n							\"es_ES\": \"Microsoft 365 Negocio Basico Setup\"\r\n						},\r\n						\"chargePerUnit\": true,\r\n						\"showZeroPrice\": false\r\n					},\r\n					\"overuse\": {\r\n						\"price\": {\r\n							\"code\": \"MXN\",\r\n							\"value\": \"0.0\"\r\n						},\r\n						\"description\": {\r\n							\"en_US\": \"Microsoft 365 Business Basic Overusage\",\r\n							\"es_ES\": \"Microsoft 365 Negocio Basico Overusage\"\r\n						},\r\n						\"showZeroPrice\": false\r\n					},\r\n					\"recurring\": {\r\n						\"price\": {\r\n							\"code\": \"MXN\",\r\n							\"value\": \"125.0\"\r\n						},\r\n						\"description\": {\r\n							\"en_US\": \"Microsoft 365 Business Basic Recurring\",\r\n							\"es_ES\": \"Microsoft 365 Negocio Basico Recurring\"\r\n						},\r\n						\"chargePerUnit\": true,\r\n						\"showZeroPrice\": false\r\n					},\r\n					\"setupPriceModel\": \"FLAT\",\r\n					\"overusePriceModel\": \"FLAT\",\r\n					\"recurringPriceModel\": \"FLAT\"\r\n				},\r\n				\"units\": {\r\n					\"max\": 300.0,\r\n					\"min\": 1.0,\r\n	', '2022-06-23 00:00:00', NULL, NULL),
('DB0006', 'B0003', 'CLOUDBLUE', 'GET PLM PRODUCT IDENTIFIER', 'https://cp.cloud.lab.telmex.com/aps/2/resources?implementing(\"http://com.odin.platform/inhouse-products/pdiProduct/1.0\"),eq(resourceTypeId,1009350)', '[\r\n	{\r\n		\"mpn\": \"CFQ7TTC0LH18:0001\",\r\n		\"name\": {\r\n			\"en_US\": \"Microsoft 365 Business Basic\",\r\n			\"es_ES\": \"Microsoft 365 Negocio Basico\"\r\n		},\r\n		\"appId\": \"PRD-814-505-018\",\r\n		\"status\": \"DRAFT\",\r\n		\"vendor\": {\r\n			\"id\": \"VA-888-104\",\r\n			\"name\": \"Microsoft\"\r\n		},\r\n		\"priceType\": \"SETUP_FEE\",\r\n		\"apsAppUUID\": \"367d2b2b-d068-4580-ab9f-bcdfdb18497f\",\r\n		\"description\": {\r\n			\"en_US\": \"Best for businesses that need professional email, cloud file storage, and online meetings & chat. Desktop versions of Office apps like Excel, Word, and PowerPoint not included. For businesses with up to 300 employees.\"\r\n		},\r\n		\"itemPeriods\": [\r\n			{\r\n				\"mpn\": \"CFQ7TTC0LH18:0001_P1Y:Monthly\",\r\n				\"itemId\": \"PRD-814-505-018-0149\",\r\n				\"isTrial\": false,\r\n				\"billingPeriod\": 1,\r\n				\"billingPeriodType\": \"month\",\r\n				\"subscriptionPeriod\": 1,\r\n				\"subscriptionPeriodType\": \"year\"\r\n			},\r\n			{\r\n				\"mpn\": \"CFQ7TTC0LH18:0001_P1Y:Annual\",\r\n				\"itemId\": \"PRD-814-505-018-0038\",\r\n				\"isTrial\": false,\r\n				\"billingPeriod\": 1,\r\n				\"billingPeriodType\": \"year\",\r\n				\"subscriptionPeriod\": 1,\r\n				\"subscriptionPeriodType\": \"year\"\r\n			},\r\n			{\r\n				\"mpn\": \"CFQ7TTC0LH18:0001_P1M:Monthly\",\r\n				\"itemId\": \"PRD-814-505-018-0039\",\r\n				\"isTrial\": false,\r\n				\"billingPeriod\": 1,\r\n				\"billingPeriodType\": \"month\",\r\n				\"subscriptionPeriod\": 1,\r\n				\"subscriptionPeriodType\": \"month\"\r\n			}\r\n		],\r\n		\"maxQuantity\": 1.0,\r\n		\"measureUnit\": \"License\",\r\n		\"minQuantity\": 0.0,\r\n		\"creationDate\": \"2022-05-21T10:51:35.091832Z\",\r\n		\"resourceTypeId\": 1009350,\r\n		\"consumptionType\": \"Unspecified\",\r\n		\"appCustomIconUrl\": \"https://api.connect.cloud.im/media/VA-888-104/PRD-814-505-018/media/PRD-814-505-018-logo_sM6K2mA.png\",\r\n		\"resourceCategoryId\": 1024,\r\n		\"isQuantifiableProduct\": false,\r\n		\"productCreateNotificationId\": \"-1\",\r\n		\"aps\": {\r\n			\"modified\": \"2022-06-15T01:14:23Z\",\r\n			\"id\": \"e5396baf-5d32-406e-aada-a22c2e6950db\",\r\n			\"subscription\": \"544908c4-a194-470f-ae4c-bf1b9b3713c6\",\r\n			\"type\": \"http://com.odin.plat', '2022-06-23 00:00:00', NULL, NULL),
('DB0007', 'B0003', 'CLOUDBLUE', 'VALIDATE THE ACTIVATION PARAMETERS', 'https://cp.cloud.lab.telmex.com/aps/2/resources/74198bf6-47be-4b52-bcfd-f454a77c3671/validate\r\n{\r\n    \"aps\": {\r\n        \"type\": \"http://aps-standard.org/inhouse-products/tenant/1.0\"\r\n    },\r\n		\"activationParameters\": [    \r\n		{\r\n			\"key\": \"tenant_preference\",\r\n			\"value\": \"new\"\r\n		},\r\n		{\r\n			\"key\": \"microsoft_domain\",\r\n			\"value\": \"initialdomain3.onmicrosoft.com\"\r\n		},\r\n		{\r\n			\"key\": \"partner_on_record_attestation_accepted\",\r\n			\"structured_value\": \r\n			{\r\n				\"attestation_accepted\": true\r\n			}\r\n		},\r\n		{\r\n			\"key\": \"mca_acceptance\",\r\n			\"value\": \"yes\"\r\n\r\n		},\r\n		{\r\n			\"key\": \"agreement_date\",\r\n			\"value\": \"06-15-2022\"\r\n\r\n		},\r\n		{\r\n			\"key\": \"first_name_agreement\",\r\n			\"value\": \"First Name\"\r\n\r\n		},\r\n		{\r\n			\"key\": \"last_name_agreement\",\r\n			\"value\": \"Last Name\"\r\n\r\n		},\r\n		{\r\n			\"key\": \"email_address_agreement\",\r\n			\"value\": \"correo@telmex.com\"\r\n\r\n		},\r\n		{\r\n			\"key\": \"effective_address\",\r\n			\"value\": \"Universidades\"\r\n\r\n		},\r\n		{\r\n			\"key\": \"effective_city\",\r\n			\"value\": \"MEXICO\"\r\n\r\n		},\r\n		{\r\n			\"key\": \"effective_state\",\r\n			\"value\": \"DF\"\r\n\r\n		},\r\n		{\r\n			\"key\": \"effective_postal_code\",\r\n			\"value\": \"07635\"\r\n\r\n		},\r\n		{\r\n			\"key\": \"effective_country\",\r\n			\"value\": \"mx\"\r\n\r\n		},\r\n		{\r\n			\"key\": \"customer_company_name\",\r\n			\"value\": \"Empresa\"\r\n\r\n		},\r\n		{\r\n			\"key\": \"customer_email\",\r\n			\"value\": \"aguilarar@globalhitss.com\"\r\n\r\n		},\r\n		{\r\n			\"key\": \"special_qualifications\",\r\n        \"value\": \"None\"\r\n		},\r\n		{\r\n        \"key\": \"effective_phonenumber\",\r\n        \"value\": \"5512504466\"\r\n    },\r\n		{\r\n			\"key\": \"offer_attestation\",        \r\n			\"structured_value\": \r\n			{\r\n				\"attestation_accepted\": false\r\n			}\r\n		}\r\n	],\r\n    \"type\": \"purchase\",\r\n    \"items\": {\r\n        \"1009350\": {\r\n            \"quantity\": 1,\r\n            \"resourceApsId\": \"e5396baf-5d32-406e-aada-a22c2e6950db\"\r\n        }\r\n    },\r\n    \"itemPeriod\": {\r\n        \"planApsId\": \"f025bbca-1724-42fb-beb3-507e3c8c352f\",\r\n        \"subscriptionPeriodType\": \"month\",\r\n        \"subscriptionPeriod\": 1\r\n	}\r\n}', '{\r\n	\"draftRequestId\": \"PR-3417-6836-1141-001\",\r\n	\"activationParameters\": [\r\n		{\r\n			\"id\": \"activation_link\",\r\n			\"value\": \"\",\r\n			\"value_error\": \"\",\r\n			\"value_choices\": [\r\n				{\r\n					\"label\": \"Click the activation link provided below and then select this checkbox to confirm the subscription activation\",\r\n					\"value\": \"YES\",\r\n					\"default\": false\r\n				}\r\n			],\r\n			\"type\": \"checkbox\",\r\n			\"phase\": \"ordering\"\r\n		},\r\n		{\r\n			\"id\": \"additional_mpnids\",\r\n			\"value\": \"\",\r\n			\"value_error\": \"\",\r\n			\"type\": \"text\",\r\n			\"phase\": \"ordering\"\r\n		},\r\n		{\r\n			\"id\": \"agreement_date\",\r\n			\"value\": \"06-15-2022\",\r\n			\"value_error\": \"\",\r\n			\"type\": \"text\",\r\n			\"phase\": \"ordering\"\r\n		},\r\n		{\r\n			\"id\": \"all_subscription_ids\",\r\n			\"value\": \"\",\r\n			\"value_error\": \"\",\r\n			\"type\": \"text\",\r\n			\"phase\": \"fulfillment\"\r\n		},\r\n		{\r\n			\"id\": \"are_items_validated\",\r\n			\"value\": \"\",\r\n			\"value_error\": \"\",\r\n			\"type\": \"text\",\r\n			\"phase\": \"fulfillment\"\r\n		},\r\n		{\r\n			\"id\": \"csp_order_id\",\r\n			\"value\": \"\",\r\n			\"value_error\": \"\",\r\n			\"type\": \"text\",\r\n			\"phase\": \"fulfillment\"\r\n		},\r\n		{\r\n			\"id\": \"customer_company_name\",\r\n			\"value\": \"Empresa\",\r\n			\"value_error\": \"\",\r\n			\"type\": \"text\",\r\n			\"phase\": \"ordering\"\r\n		},\r\n		{\r\n			\"id\": \"customer_email\",\r\n			\"value\": \"aguilarar@globalhitss.com\",\r\n			\"value_error\": \"\",\r\n			\"type\": \"email\",\r\n			\"phase\": \"ordering\"\r\n		},\r\n		{\r\n			\"id\": \"customer_tax_id\",\r\n			\"value\": \"\",\r\n			\"value_error\": \"\",\r\n			\"type\": \"text\",\r\n			\"phase\": \"ordering\"\r\n		},\r\n		{\r\n			\"id\": \"education_auth\",\r\n			\"value\": \"\",\r\n			\"value_error\": \"\",\r\n			\"value_choices\": [\r\n				{\r\n					\"label\": \"Microsoft confirmed vetting passed after a support ticket\",\r\n					\"value\": \"YES\",\r\n					\"default\": false\r\n				},\r\n				{\r\n					\"label\": \"Not an education customer\",\r\n					\"value\": \"NO\",\r\n					\"default\": false\r\n				}\r\n			],\r\n			\"type\": \"dropdown\",\r\n			\"phase\": \"ordering\"\r\n		},\r\n		{\r\n			\"id\": \"effective_address\",\r\n			\"value\": \"Universidades\",\r\n			\"value_error\": \"\",\r\n			\"type\": \"text\",\r\n			\"phase\": \"orderi', '2022-06-23 00:00:00', NULL, NULL),
('DB0008', 'B0003', 'CLOUDBLUE', 'PLACING THE SALES ORDER', 'https://cp.cloud.lab.telmex.com/aps/2/services/order-manager/orders\r\n{\r\n    \"type\": \"SALES\",\r\n    \"accountId\": \"21d8b6c6-d104-400c-a68a-ee3c72ad8c92\",\r\n    \"paymentMethodId\": \"10618\",\r\n    \"products\": [{\r\n        \"parameters\": [{\r\n            \"aps\": {\r\n                \"type\": \"http://aps-standard.org/inhouse-products/tenant/1.0\"\r\n            },\r\n            \"activationParameters\": [    \r\n		{\r\n			\"key\": \"tenant_preference\",\r\n			\"value\": \"new\"\r\n		},\r\n		{\r\n			\"key\": \"microsoft_domain\",\r\n			\"value\": \"initialdomain3.onmicrosoft.com\"\r\n		},\r\n		{\r\n			\"key\": \"partner_on_record_attestation_accepted\",\r\n			\"structured_value\": \r\n			{\r\n				\"attestation_accepted\": true\r\n			}\r\n		},\r\n		{\r\n			\"key\": \"mca_acceptance\",\r\n			\"value\": \"yes\"\r\n\r\n		},\r\n		{\r\n			\"key\": \"agreement_date\",\r\n			\"value\": \"06-15-2022\"\r\n\r\n		},\r\n		{\r\n			\"key\": \"first_name_agreement\",\r\n			\"value\": \"Miguel\"\r\n\r\n		},\r\n		{\r\n			\"key\": \"last_name_agreement\",\r\n			\"value\": \"Ruiz\"\r\n\r\n		},\r\n		{\r\n			\"key\": \"email_address_agreement\",\r\n			\"value\": \"hernandezaddp@globalhitss.com\"\r\n\r\n		},\r\n		{\r\n			\"key\": \"effective_address\",\r\n			\"value\": \"LAGO ALBERTO 0000320\"\r\n\r\n		},\r\n		{\r\n			\"key\": \"effective_city\",\r\n			\"value\": \"Mexico\"\r\n\r\n		},\r\n		{\r\n			\"key\": \"effective_state\",\r\n			\"value\": \"df\"\r\n\r\n		},\r\n		{\r\n			\"key\": \"effective_postal_code\",\r\n			\"value\": \"11320\"\r\n\r\n		},\r\n		{\r\n			\"key\": \"effective_country\",\r\n			\"value\": \"mx\"\r\n\r\n		},\r\n		{\r\n			\"key\": \"customer_company_name\",\r\n			\"value\": \"Addiel160\"\r\n\r\n		},\r\n		{\r\n			\"key\": \"customer_email\",\r\n			\"value\": \"hernandezaddp@globalhitss.com\"\r\n\r\n		},\r\n		{\r\n			\"key\": \"special_qualifications\",\r\n        \"value\": \"None\"\r\n		},\r\n		{\r\n        \"key\": \"effective_phonenumber\",\r\n        \"value\": \"5512504466\"\r\n    },\r\n		{\r\n			\"key\": \"offer_attestation\",        \r\n			\"structured_value\": \r\n			{\r\n				\"attestation_accepted\": false\r\n			}\r\n		}\r\n	]\r\n        }],\r\n        \"planId\": \"f025bbca-1724-42fb-beb3-507e3c8c352f\",\r\n        \"period\": {\r\n            \"unit\": \"MONTHS\",\r\n            \"duration\": 1\r\n        },\r\n        \"resour', '{\r\n	\"orderId\": \"f032ac09-4276-4249-8a18-c3ca643dc9dc\",\r\n	\"paymentCreationResult\": {\r\n		\"paymentId\": 626958\r\n	}\r\n}', '2022-06-23 00:00:00', NULL, NULL),
('DB0009', 'B0004', 'CLOUDBLUE', 'GET ORDER DETAILS', 'https://cp.cloud.lab.telmex.com/aps/2/services/order-manager/orders/f032ac09-4276-4249-8a18-c3ca643dc9dc', '{\r\n	\"orderId\": \"f032ac09-4276-4249-8a18-c3ca643dc9dc\",\r\n	\"internalId\": 8292003,\r\n	\"orderNumber\": \"SO036529\",\r\n	\"type\": \"SO\",\r\n	\"total\": {\r\n		\"value\": 150.0,\r\n		\"code\": \"MXN\"\r\n	},\r\n	\"taxTotal\": {\r\n		\"value\": 0.0,\r\n		\"code\": \"MXN\"\r\n	},\r\n	\"exclusiveTaxTotal\": {\r\n		\"value\": 0.0,\r\n		\"code\": \"MXN\"\r\n	},\r\n	\"subTotal\": {\r\n		\"value\": 150.0,\r\n		\"code\": \"MXN\"\r\n	},\r\n	\"status\": \"COMPLETED\",\r\n	\"subscriptions\": [\r\n		\"e5bc7169-8736-4bd0-b8ac-ebf3c02bbd86\"\r\n	],\r\n	\"bssSubscriptions\": [\r\n		\"02e3c8d5-be0e-49ae-b4b2-dd61dad5ebed\"\r\n	],\r\n	\"paymentStatus\": \"FINISHED\",\r\n	\"provisioningStatus\": \"COMPLETED\",\r\n	\"ofStatus\": \"CP\",\r\n	\"isEstimated\": true,\r\n	\"sellerId\": \"edd50014-bc9d-45b4-bd4a-80298b7ce626\",\r\n	\"sellerInternalId\": 1,\r\n	\"buyerId\": \"21d8b6c6-d104-400c-a68a-ee3c72ad8c92\",\r\n	\"buyerInternalId\": 1011566,\r\n	\"orderDate\": \"2022-06-15\",\r\n	\"expirationDate\": \"2022-07-15\",\r\n	\"creationTime\": \"2022-06-16T00:26:41Z\",\r\n	\"rateTime\": \"2022-06-16T00:37:01Z\",\r\n	\"provisioningTime\": \"2022-06-16T00:37:00Z\",\r\n	\"orderAttributes\": [],\r\n	\"endCustomerAttributes\": [],\r\n	\"details\": [\r\n		{\r\n			\"type\": \"RESOURCE_RECURRING\",\r\n			\"planId\": \"f025bbca-1724-42fb-beb3-507e3c8c352f\",\r\n			\"period\": {\r\n				\"unit\": \"MONTHS\",\r\n				\"duration\": 1\r\n			},\r\n			\"resourceId\": \"d53231de-372a-4017-9444-c30d943b3137\",\r\n			\"MPN\": \"CFQ7TTC0LH18:0001\",\r\n			\"bssSubscriptionId\": \"02e3c8d5-be0e-49ae-b4b2-dd61dad5ebed\",\r\n			\"orderItemId\": 19606176,\r\n			\"duration\": {\r\n				\"unit\": \"MONTHS\",\r\n				\"duration\": 1.0\r\n			},\r\n			\"description\": \"Microsoft 365 Business Basic Recurring from 2022-06-16 through 2022-07-16\",\r\n			\"quantity\": 1.0,\r\n			\"lowerBound\": 0.0,\r\n			\"unitOfMeasure\": \"License\",\r\n			\"unitPrice\": {\r\n				\"value\": 150.0,\r\n				\"code\": \"MXN\"\r\n			},\r\n			\"extendedPrice\": {\r\n				\"value\": 150.0,\r\n				\"code\": \"MXN\"\r\n			},\r\n			\"discount\": {\r\n				\"type\": \"PERCENT\",\r\n				\"value\": 0.0,\r\n				\"amount\": 0.0\r\n			},\r\n			\"taxAmount\": {\r\n				\"value\": 0.0,\r\n				\"code\": \"MXN\"\r\n			},\r\n			\"exclusiveTaxAmount\": {\r\n				\"value\": 0.0,\r\n				\"code\": \"MXN\"\r\n			}\r\n		}\r\n', '2022-06-23 00:00:00', NULL, NULL),
('DB0010', 'B0005', 'CLOUDBLUE', 'GET FULFILLMENT PARAMETERS', 'https://cp.cloud.lab.telmex.com/aps/2/resources/e5bc7169-8736-4bd0-b8ac-ebf3c02bbd86/services', '[\r\n	{\r\n		\"tenantStatus\": \"ACTIVE\",\r\n		\"aps\": {\r\n			\"modified\": \"2022-06-15T23:36:01Z\",\r\n			\"id\": \"f25f2821-d0e1-4831-a64a-90606fe7c675\",\r\n			\"subscription\": \"e5bc7169-8736-4bd0-b8ac-ebf3c02bbd86\",\r\n			\"type\": \"http://aps-standard.org/inhouse-products/tenant/1.1\",\r\n			\"status\": \"aps:ready\",\r\n			\"revision\": 5\r\n		},\r\n		\"assetId\": \"AS-6911-3079-0308\",\r\n		\"lastOperation\": \"CREATION\",\r\n		\"fulfillmentParameters\": [\r\n			{\r\n				\"value\": \"\",\r\n				\"key\": \"nce_migration_id\"\r\n			},\r\n			{\r\n				\"value\": \"\",\r\n				\"key\": \"nce_downsize_until\"\r\n			},\r\n			{\r\n				\"value\": \"604f57329a72\",\r\n				\"key\": \"csp_order_id\"\r\n			},\r\n			{\r\n				\"value\": \"24f5e439-fa49-4871-c98c-560ada4b656e\",\r\n				\"key\": \"subscription_id\"\r\n			},\r\n			{\r\n				\"value\": \"513a6ad8-fd4c-4787-a14f-e0a06a54a957\",\r\n				\"key\": \"ms_customer_id\"\r\n			},\r\n			{\r\n				\"value\": \"tIb4UL55&\",\r\n				\"key\": \"initial_password\"\r\n			},\r\n			{\r\n				\"value\": \"\",\r\n				\"key\": \"retry_counter\"\r\n			},\r\n			{\r\n				\"key\": \"nce_promo_final\",\r\n				\"structured_value\": {\r\n					\"promotions\": [\r\n						{\r\n							\"mpn\": \"CFQ7TTC0LH18:0001\",\r\n							\"discount_percent\": \"0.1667\",\r\n							\"promotion_id\": \"39NFJQT1W0JM:0002:39NFJQT1Q5KW\",\r\n							\"end_date\": \"2022-07-01T00:00:00+00:00\"\r\n						}\r\n					]\r\n				}\r\n			},\r\n			{\r\n				\"value\": \"\",\r\n				\"key\": \"ms_request_id\"\r\n			},\r\n			{\r\n				\"value\": \"YES\",\r\n				\"key\": \"are_items_validated\"\r\n			},\r\n			{\r\n				\"value\": \"\",\r\n				\"key\": \"provisioning_stage\"\r\n			},\r\n			{\r\n				\"value\": \"24f5e439-fa49-4871-c98c-560ada4b656e\",\r\n				\"key\": \"all_subscription_ids\"\r\n			}\r\n		],\r\n		\"finishDate\": \"2022-06-16T00:36:01Z\",\r\n		\"vendorSubscriptionId\": \"24f5e439-fa49-4871-c98c-560ada4b656e\",\r\n		\"activationDate\": \"\",\r\n		\"productOwnerUid\": \"edd50014-bc9d-45b4-bd4a-80298b7ce626\",\r\n		\"embeddingTemplate\": \"<img src =\\\"https://s3.amazonaws.com/cloud.im.assets/prod/ux1/images/connect/logos/microsoft.png\\\" height = 90  width = 350>\\n\\n## Welcome to Microsoft CSP\\n\\n### Your Subscription information is: \\n\\nMicrosoft Domain: initialdomain3.onmicrosoft', '2022-06-23 00:00:00', NULL, NULL);

-- --------------------------------------------------------

--
-- Estructura de tabla para la tabla `nce_12_t_ticket_nce`
--

CREATE TABLE `nce_12_t_ticket_nce` (
  `TICKET_ID` varchar(100) NOT NULL,
  `ACCOUNT_UUID` varchar(100) DEFAULT NULL,
  `PAYMENT_METHOD_ID` int(11) NOT NULL,
  `ORDER_UUID` varchar(100) DEFAULT NULL,
  `SUBSCRIPTION_UUID` varchar(100) DEFAULT NULL,
  `FECHA_INI` datetime NOT NULL,
  `FECHA_ULT_MOV` datetime DEFAULT NULL,
  `ACCOUNT_ID` varchar(20) DEFAULT NULL
) ENGINE=InnoDB DEFAULT CHARSET=utf8mb4;

--
-- Volcado de datos para la tabla `nce_12_t_ticket_nce`
--

INSERT INTO `nce_12_t_ticket_nce` (`TICKET_ID`, `ACCOUNT_UUID`, `PAYMENT_METHOD_ID`, `ORDER_UUID`, `SUBSCRIPTION_UUID`, `FECHA_INI`, `FECHA_ULT_MOV`, `ACCOUNT_ID`) VALUES
('34fecb1e-917e-49f3-b411-cdab8ac8834c', '8967140e-5da3-45be-9865-802b94f93d8f', 13343, NULL, NULL, '2022-07-11 00:00:00', NULL, NULL),
('4cbc0003-358c-4f04-9ee0-98a0d1583e39', '8af502d6-9971-4a80-8be0-8847fc9e0235', 8140, NULL, NULL, '2022-07-11 00:00:00', NULL, NULL),
('5979dbdc-fce9-4472-af9a-2b320606dd8c', '8967140e-5da3-45be-9865-802b94f93d8f', 13343, NULL, NULL, '2022-07-11 00:00:00', NULL, NULL),
('67048b29-c966-4e29-b0ec-7b4b9da48075', '8967140e-5da3-45be-9865-802b94f93d8f', 13343, NULL, NULL, '2022-07-11 00:00:00', NULL, NULL),
('81a45391-dd2e-48a2-b7c1-eef668aa3f88', '8967140e-5da3-45be-9865-802b94f93d8f', 13343, NULL, NULL, '2022-07-11 00:00:00', NULL, NULL),
('877fb6c7-065e-4519-818d-bc8c0a2cbd3f', '8967140e-5da3-45be-9865-802b94f93d8f', 13343, NULL, NULL, '2022-07-19 00:00:00', NULL, '1014453'),
('9664c3a1-afd8-40e2-abb3-31dd5facbd5d', '8967140e-5da3-45be-9865-802b94f93d8f', 13343, NULL, NULL, '2022-07-19 00:00:00', NULL, '1014453'),
('a3f19027-eb89-4213-a368-47417ed57f18', '8af502d6-9971-4a80-8be0-8847fc9e0235', 8140, NULL, NULL, '2022-07-11 00:00:00', NULL, NULL),
('b33407b1-ee24-4830-85b5-e2c089f71271', '8967140e-5da3-45be-9865-802b94f93d8f', 13343, NULL, NULL, '2022-07-19 00:00:00', NULL, '1014453'),
('bc1390ef-ed1a-4777-b251-769dbc652e46', '8af502d6-9971-4a80-8be0-8847fc9e0235', 8140, NULL, NULL, '2022-07-11 00:00:00', NULL, NULL),
('c0df0a7f-2cb4-4ea3-bb84-c24063ecd27e', '8967140e-5da3-45be-9865-802b94f93d8f', 13343, NULL, NULL, '2022-07-11 00:00:00', NULL, NULL),
('c4bb70ca-b105-4cad-bb3f-df41e11af830', '8af502d6-9971-4a80-8be0-8847fc9e0235', 8140, NULL, NULL, '2022-07-11 00:00:00', NULL, NULL),
('dab45a1d-110c-4fcd-93a1-0af8bb43a751', '8967140e-5da3-45be-9865-802b94f93d8f', 13343, NULL, NULL, '2022-07-19 00:00:00', NULL, '1014453'),
('dcfe7d0d-8971-4d87-ad87-f917b050f3cc', '8967140e-5da3-45be-9865-802b94f93d8f', 13343, NULL, NULL, '2022-07-19 00:00:00', NULL, '1014453'),
('e75f5570-ba0b-45d6-8c19-ebb4db0c3e8e', '8967140e-5da3-45be-9865-802b94f93d8f', 13343, NULL, NULL, '2022-07-19 00:00:00', NULL, '1014453'),
('eeae8d2d-c86d-4195-aca5-e0d33003e8ae', '8af502d6-9971-4a80-8be0-8847fc9e0235', 8140, NULL, NULL, '2022-07-11 00:00:00', NULL, NULL),
('f9daebcd-694f-47fc-94b7-f53613556378', '8967140e-5da3-45be-9865-802b94f93d8f', 13343, 'db6456d5-ebbd-4a1b-98d2-364c887aa358', NULL, '2022-07-19 00:00:00', '2022-07-19 00:00:00', '1014453'),
('T0001', '21d8b6c6-d104-400c-a68a-ee3c72ad8c92', 10618, 'f032ac09-4276-4249-8a18-c3ca643dc9dc', 'e5bc7169-8736-4bd0-b8ac-ebf3c02bbd86', '2022-06-23 00:00:00', '2022-06-24 00:00:00', '0');

--
-- Índices para tablas volcadas
--

--
-- Indices de la tabla `nce_01_c_producto`
--
ALTER TABLE `nce_01_c_producto`
  ADD PRIMARY KEY (`ID_PRODUCTO`),
  ADD KEY `FK_REFERENCE_2` (`ID_ESTATUS`),
  ADD KEY `FK_REFERENCE_3` (`ID_SISTEMA`);

--
-- Indices de la tabla `nce_02_c_recursos`
--
ALTER TABLE `nce_02_c_recursos`
  ADD PRIMARY KEY (`ID_RECURSO`),
  ADD KEY `FK_REFERENCE_1` (`ID_ESTATUS`),
  ADD KEY `FK_REFERENCE_7` (`ID_PRODUCTO`);

--
-- Indices de la tabla `nce_03_c_sistema`
--
ALTER TABLE `nce_03_c_sistema`
  ADD PRIMARY KEY (`ID_SISTEMA`);

--
-- Indices de la tabla `nce_04_c_estatus`
--
ALTER TABLE `nce_04_c_estatus`
  ADD PRIMARY KEY (`ID_ESTATUS`);

--
-- Indices de la tabla `nce_05_c_canal`
--
ALTER TABLE `nce_05_c_canal`
  ADD PRIMARY KEY (`ID_CANAL`);

--
-- Indices de la tabla `nce_06_c_parametro`
--
ALTER TABLE `nce_06_c_parametro`
  ADD PRIMARY KEY (`ID_PARAMETRO`);

--
-- Indices de la tabla `nce_10_t_bitacora`
--
ALTER TABLE `nce_10_t_bitacora`
  ADD PRIMARY KEY (`ID_BITACORA`),
  ADD KEY `FK_REFERENCE_4` (`ID_PRODUCTO`),
  ADD KEY `FK_REFERENCE_5` (`ID_CANAL`),
  ADD KEY `FK_REFERENCE_8` (`TICKET_ID`);

--
-- Indices de la tabla `nce_11_t_det_bitacora`
--
ALTER TABLE `nce_11_t_det_bitacora`
  ADD PRIMARY KEY (`ID_DET_BITACORA`),
  ADD KEY `FK_REFERENCE_6` (`ID_BITACORA`);

--
-- Indices de la tabla `nce_12_t_ticket_nce`
--
ALTER TABLE `nce_12_t_ticket_nce`
  ADD PRIMARY KEY (`TICKET_ID`);

--
-- Restricciones para tablas volcadas
--

--
-- Filtros para la tabla `nce_01_c_producto`
--
ALTER TABLE `nce_01_c_producto`
  ADD CONSTRAINT `FK_REFERENCE_2` FOREIGN KEY (`ID_ESTATUS`) REFERENCES `nce_04_c_estatus` (`ID_ESTATUS`),
  ADD CONSTRAINT `FK_REFERENCE_3` FOREIGN KEY (`ID_SISTEMA`) REFERENCES `nce_03_c_sistema` (`ID_SISTEMA`);

--
-- Filtros para la tabla `nce_02_c_recursos`
--
ALTER TABLE `nce_02_c_recursos`
  ADD CONSTRAINT `FK_REFERENCE_1` FOREIGN KEY (`ID_ESTATUS`) REFERENCES `nce_04_c_estatus` (`ID_ESTATUS`),
  ADD CONSTRAINT `FK_REFERENCE_7` FOREIGN KEY (`ID_PRODUCTO`) REFERENCES `nce_01_c_producto` (`ID_PRODUCTO`);

--
-- Filtros para la tabla `nce_10_t_bitacora`
--
ALTER TABLE `nce_10_t_bitacora`
  ADD CONSTRAINT `FK_REFERENCE_4` FOREIGN KEY (`ID_PRODUCTO`) REFERENCES `nce_01_c_producto` (`ID_PRODUCTO`),
  ADD CONSTRAINT `FK_REFERENCE_5` FOREIGN KEY (`ID_CANAL`) REFERENCES `nce_05_c_canal` (`ID_CANAL`),
  ADD CONSTRAINT `FK_REFERENCE_8` FOREIGN KEY (`TICKET_ID`) REFERENCES `nce_12_t_ticket_nce` (`TICKET_ID`);

--
-- Filtros para la tabla `nce_11_t_det_bitacora`
--
ALTER TABLE `nce_11_t_det_bitacora`
  ADD CONSTRAINT `FK_REFERENCE_6` FOREIGN KEY (`ID_BITACORA`) REFERENCES `nce_10_t_bitacora` (`ID_BITACORA`);
COMMIT;

/*!40101 SET CHARACTER_SET_CLIENT=@OLD_CHARACTER_SET_CLIENT */;
/*!40101 SET CHARACTER_SET_RESULTS=@OLD_CHARACTER_SET_RESULTS */;
/*!40101 SET COLLATION_CONNECTION=@OLD_COLLATION_CONNECTION */;
